英文省份,年份,验光方式1非散瞳；2散瞳；3试片,1-3年级城市人数,1-3年级城市近视人数,1-3年级城市患病率,1-3年级农村人数,1-3年级农村近视人数,1-3年级农村患病率,4-6年级城市人数,4-6年级城市近视人数,4-6年级城市患病率,4-6年级农村人数,4-6年级农村近视人数,4-6年级农村患病率,7-9年级城市人数,7-9年级城市近视人数,7-9年级城市近视率,7-9年级农村人数,7-9年级农村近视人数,7-9年级农村近视率,10-12年级城市人数,10-12年级城市近视人数,10-12年级城市近视率,10-12年级农村人数,10-12年级农村近视人数,10-12年级农村近视率
Zhejiang,2012.0,1.0,1294 ,184 ,0.1422,0 ,0 ,,,,,,,,,,,,,,,,,,,
Zhejiang,2015.0,1.0,,,,,,,1294 ,491 ,0.37939999999999996,0 ,0 ,,,,,,,,,,,,,
Zhejiang,2019.0,1.0,,,,,,,1088 ,669 ,0.6149,0 ,0 ,,1088 ,886 ,0.8143,0 ,0 ,,1080 ,969 ,0.8972,0 ,0 ,
Jiangsu,2019.0,1.0,20735 ,4246 ,0.2048,20545 ,2924 ,0.1423,20124 ,10363 ,0.5149,19941 ,7135 ,0.3578,14604 ,12419 ,0.8504,14471 ,8551 ,0.5909,8059 ,7173 ,0.8901,0 ,0 ,
Jiangsu,2020.0,1.0,21052 ,5445 ,0.2586,18677 ,3582 ,0.1918,22386 ,13293 ,0.5938,19860 ,8746 ,0.4404,16193 ,14199 ,0.8769,14366 ,9342 ,0.6503,9347 ,8540 ,0.9137000000000001,0 ,0 ,
Beijing,2000.0,2.0,0 ,0 ,,1043 ,80 ,0.0767,,,,,,,0 ,0 ,,2986 ,815 ,0.2731,0 ,0 ,,944 ,447 ,0.47340000000000004
Beijing,1998.0,2.0,0 ,0 ,,1808 ,98 ,0.0542,0 ,0 ,,2342 ,334 ,0.1426,0 ,0 ,,1432 ,516 ,0.3603,,,,,,
Shandong,2012.0,2.0,974 ,244 ,0.2505,963 ,126 ,0.1308,874 ,517 ,0.5915,908 ,315 ,0.3469,450 ,368 ,0.8178,561 ,317 ,0.5650999999999999,129 ,124 ,0.9612,244 ,186 ,0.7623000000000001
Zhejiang,2019.0,1.0,599 ,183 ,0.3061,469 ,126 ,0.26789999999999997,623 ,438 ,0.7038,488 ,301 ,0.6159,606 ,528 ,0.8713,476 ,363 ,0.7625,650 ,621 ,0.9558,509 ,426 ,0.8364
Tianjin,2018.0,1.0,2510 ,1733 ,0.6904,0 ,0 ,,4766 ,3843 ,0.8062999999999999,0 ,0 ,,6894 ,6074 ,0.8811,0 ,0 ,,,,,,,
Shandong,2015.0,1.0,5706 ,880 ,0.1542,0 ,0 ,,10564 ,6775 ,0.6413,0 ,0 ,,,,,,,,,,,,,
Shandong,2016.0,1.0,16040 ,2088 ,0.13019999999999998,0 ,0 ,,21003 ,13918 ,0.6627,0 ,0 ,,,,,,,,,,,,,
Shandong,2018.0,1.0,10936 ,1332 ,0.12179999999999999,0 ,0 ,,8488 ,6339 ,0.7468,0 ,0 ,,,,,,,,,,,,,
Shandong,2020.0,1.0,48326 ,13478 ,0.2789,0 ,0 ,,69406 ,49220 ,0.7092,0 ,0 ,,,,,,,,,,,,,
Shandong,2015.0,2.0,,,,,,,1368 ,378 ,0.2763,0 ,0 ,,3522 ,2166 ,0.615,0 ,0 ,,,,,,,
Beijing,2011.0,1.0,,,,,,,,,,,,,,,,,,,4677 ,4219 ,0.9020999999999999,0 ,0 ,
Zhejiang,2001.0,1.0,,,,,,,,,,,,,,,,,,,2418 ,1873 ,0.7746,0 ,0 ,
Zhejiang,2003.0,1.0,,,,,,,,,,,,,,,,,,,2462 ,2001 ,0.8126000000000001,0 ,0 ,
Zhejiang,2004.0,1.0,,,,,,,,,,,,,,,,,,,2654 ,2149 ,0.8096,0 ,0 ,
Zhejiang,2006.0,1.0,,,,,,,,,,,,,,,,,,,2974 ,2374 ,0.7981,0 ,0 ,
Zhejiang,2008.0,1.0,,,,,,,,,,,,,,,,,,,3055 ,2529 ,0.8277,0 ,0 ,
Zhejiang,2010.0,1.0,,,,,,,,,,,,,,,,,,,3276 ,2781 ,0.8488,0 ,0 ,
Zhejiang,2012.0,1.0,,,,,,,,,,,,,,,,,,,3283 ,2766 ,0.8426,0 ,0 ,
Zhejiang,2014.0,1.0,,,,,,,,,,,,,,,,,,,3151 ,2709 ,0.8595999999999999,0 ,0 ,
Guangdong,2014.0,2.0,,,,,,,0 ,0 ,,6293 ,696 ,0.1105,,,,,,,,,,,,
Guangdong,2002.0,2.0,1107 ,182 ,0.16440000000000002,0 ,0 ,,1287 ,525 ,0.4079,0 ,0 ,,1370 ,904 ,0.6598999999999999,0 ,0 ,,,,,,,
Guangdong,2005.0,2.0,,,,,,,,,,,,,1192 ,596 ,0.5,970 ,320 ,0.3299,,,,,,
Beijing,2010.0,1.0,3391 ,1218 ,0.3592,0 ,0 ,,2232 ,1330 ,0.5959,0 ,0 ,,4369 ,3409 ,0.7803,0 ,0 ,,5240 ,4579 ,0.8739,0 ,0 ,
Guangdong,2011.0,1.0,5738 ,1458 ,0.2541,0 ,0 ,,,,,,,,,,,,,,,,,,,
Guangdong,2014.0,1.0,,,,,,,5282 ,3250 ,0.6153,0 ,0 ,,,,,,,,,,,,,
Guangdong,2011.0,1.0,,,,,,,,,,,,,7186 ,5288 ,0.7359,0 ,0 ,,,,,,,
Shanghai,2013.0,2.0,907,169 ,0.1865,0 ,0 ,,183,83 ,0.4559,0 ,0 ,,183,121 ,0.6616,0 ,0 ,,260,211 ,0.8115000000000001,0 ,0 ,
Shanghai,2010.0,2.0,1881 ,286 ,0.152,0 ,0 ,,2713 ,1258 ,0.4636,0 ,0 ,,,,,,,,,,,,,
Shanghai,2012.0,1.0,220891 ,38492 ,0.1743,0 ,0 ,,172077 ,81402 ,0.4731,0 ,0 ,,86700 ,61420 ,0.7084,0 ,0 ,,,,,,,
Liaoning,2018.0,1.0,652 ,176 ,0.2706,561 ,124 ,0.2214,652 ,470 ,0.721,561 ,331 ,0.5898,579 ,527 ,0.9096,499 ,371 ,0.7441,1017 ,966 ,0.9503,0 ,0 ,
Beijing,2006.0,2.0,,,,,,,,,,,,,3657 ,1882 ,0.5146999999999999,0 ,0 ,,,,,,,
Beijing,2008.0,2.0,,,,,,,,,,,,,3662 ,1970 ,0.5379,0 ,0 ,,,,,,,
Beijing,2010.0,2.0,,,,,,,,,,,,,3897 ,2179 ,0.5593,0 ,0 ,,,,,,,
Beijing,2012.0,2.0,,,,,,,,,,,,,3816 ,2266 ,0.5937,0 ,0 ,,,,,,,
Beijing,2014.0,2.0,,,,,,,,,,,,,3833 ,2349 ,0.6129,0 ,0 ,,,,,,,
Beijing,2021.0,2.0,2538 ,936 ,0.3688,0 ,0 ,,2268 ,1615 ,0.7121,0 ,0 ,,,,,,,,,,,,,
Beijing,2011.0,1.0,382 ,82 ,0.214,0 ,0 ,,299 ,148 ,0.4935,0 ,0 ,,,,,,,,,,,,,
Beijing,2016.0,1.0,6175 ,2053 ,0.3325,0 ,0 ,,6757 ,4260 ,0.6304,0 ,0 ,,11254 ,9390 ,0.8344,0 ,0 ,,12483 ,10906 ,0.8737,0 ,0 ,
Shanghai,2010.0,2.0,1856 ,289 ,0.1557,0 ,0 ,,,,,,,,,,,,,,,,,,,
Shanghai,2012.0,2.0,566 ,153 ,0.2696,0 ,0 ,,1073 ,572 ,0.5331,0 ,0 ,,,,,,,,,,,,,
Jiangsu,2018.0,1.0,,,,,,,,,,,,,,,,,,,,,,,,
Tianjin,2016.0,2.0,205 ,88 ,0.4293,0 ,0 ,,189 ,117 ,0.619,0 ,0 ,,172 ,147 ,0.8547,0 ,0 ,,,,,,,
Liaoning,2019.0,1.0,0 ,0 ,,1074 ,113 ,0.1051,0 ,0 ,,930 ,313 ,0.3367,,,,,,,,,,,,
Shandong,2019.0,1.0,0 ,0 ,,1177 ,150 ,0.12710000000000002,0 ,0 ,,1020 ,415 ,0.4073,,,,,,,,,,,,
Guangdong,2019.0,1.0,0 ,0 ,,744 ,75 ,0.1007,0 ,0 ,,645 ,208 ,0.32270000000000004,,,,,,,,,,,,
Liaoning,2018.0,1.0,1219 ,277 ,0.2271,0 ,0 ,,1219 ,838 ,0.6878,0 ,0 ,,1053 ,915 ,0.8689,0 ,0 ,,1014 ,942 ,0.929,0 ,0 ,
Shanghai,2016.0,2.0,777 ,406 ,0.5225,0 ,0 ,,254 ,169 ,0.6654000000000001,0 ,0 ,,,,,,,,,,,,,
Liaoning,2014.0,2.0,,,,,,,,,,,,,,,,,,,,,,,,
Liaoning,2016.0,2.0,,,,,,,,,,,,,,,,,,,,,,,,
Shanghai,2014.0,1.0,1724 ,326 ,0.1891,0 ,0 ,,,,,,,,,,,,,,,,,,,
Shanghai,2016.0,1.0,602 ,123 ,0.2051,0 ,0 ,,1117 ,574 ,0.5134000000000001,0 ,0 ,,,,,,,,,,,,,
Jiangsu,2017.0,2.0,622 ,108 ,0.17370000000000002,0 ,0 ,,469 ,205 ,0.43670000000000003,0 ,0 ,,,,,,,,,,,,,
Shanghai,2017.0,1.0,929 ,230 ,0.24780000000000002,0 ,0 ,,417 ,132 ,0.3155,0 ,0 ,,,,,,,,,,,,,
Shanghai,2020.0,1.0,,,,,,,929 ,482 ,0.5191,0 ,0 ,,417 ,299 ,0.7167,0 ,0 ,,,,,,,
Jiangsu,2011.0,2.0,,,,,,,,,,,,,,,,,,,,,,,,
Shanghai,2013.0,1.0,,,,,,,,,,,,,,,,,,,,,,,,
Shanghai,2014.0,2.0,,,,,,,,,,,,,,,,,,,,,,,,
Guangdong,2012.0,2.0,,,,,,,,,,,,,,,,,,,,,,,,
Jiangsu,2011.0,1.0,,,,,,,,,,,,,,,,,,,,,,,,
Shanghai,2013.0,2.0,2356 ,664 ,0.2818,0 ,0 ,,692 ,469 ,0.6781999999999999,0 ,0 ,,,,,,,,,,,,,
Guangdong,2009.0,2.0,,,,,,,,,,,,,,,,,,,,,,,,
Jiangsu,2015.0,1.0,,,,,,,,,,,,,,,,,,,,,,,,
Beijing,2017.0,2.0,,,,,,,,,,,,,,,,,,,,,,,,
Guangdong,2018.0,1.0,4147 ,333 ,0.08039999999999999,0 ,0 ,,1331 ,408 ,0.3063,0 ,0 ,,,,,,,,,,,,,
Zhejiang,2014.0,1.0,6022 ,836 ,0.1388,0 ,0 ,,5933 ,2687 ,0.45289999999999997,0 ,0 ,,1042 ,754 ,0.7236,0 ,0 ,,,,,,,
Shanghai,2011.0,1.0,,,,,,,,,,,,,,,,,,,,,,,,
Guangdong,2009.0,2.0,,,,,,,,,,,,,,,,,,,,,,,,
Jiangsu,2018.0,2.0,,,,,,,,,,,,,,,,,,,,,,,,
Shanghai,2019.0,1.0,,,,,,,,,,,,,,,,,,,,,,,,
Guangdong,2006.0,2.0,,,,,,,,,,,,,,,,,,,,,,,,
Beijing,2018.0,2.0,,,,,,,,,,,,,,,,,,,,,,,,
Guangdong,2009.0,2.0,,,,,,,,,,,,,,,,,,,,,,,,
Zhejiang,2009.0,1.0,,,,,,,,,,,,,,,,,,,,,,,,
Tianjin,2021.0,1.0,,,,,,,,,,,,,,,,,,,,,,,,
Jiangsu,2020.0,1.0,,,,,,,,,,,,,,,,,,,,,,,,
Zhejiang,2017.0,1.0,,,,,,,,,,,,,,,,,,,,,,,,
Guangdong,2001.0,2.0,,,,,,,,,,,,,,,,,,,,,,,,
Beijing,2009.0,1.0,,,,,,,,,,,,,,,,,,,,,,,,
Beijing,2009.0,2.0,,,,,,,,,,,,,,,,,,,,,,,,
Beijing,2002.0,2.0,,,,,,,,,,,,,,,,,,,,,,,,
Guangdong,2016.0,2.0,,,,,,,,,,,,,,,,,,,,,,,,
Guangdong,2003.0,1.0,,,,,,,,,,,,,,,,,,,,,,,,
Tianjin,2021.0,1.0,,,,,,,,,,,,,,,,,,,,,,,,
Jiangsu,2020.0,1.0,,,,,,,,,,,,,,,,,,,,,,,,
Jiangsu,2018.0,1.0,0 ,0 ,,971 ,235 ,0.242,0 ,0 ,,1022 ,659 ,0.6448,0 ,0 ,,1126 ,952 ,0.8454999999999999,0 ,0 ,,1070 ,993 ,0.9279999999999999
Zhejiang,2016.0,2.0,,,,,,,,,,,,,,,,,,,,,,,,
Zhejiang,2019.0,1.0,231783 ,53635 ,0.2314,47763 ,9480 ,0.1985,218620 ,126872 ,0.5803,45050 ,22426 ,0.4978,194750 ,158564 ,0.8142,40132 ,28028 ,0.6984,132626 ,117010 ,0.8823000000000001,27330 ,20683 ,0.7568
Guangdong,2007.0,2.0,,,,,,,,,,,,,0 ,0 ,,1892 ,1319 ,0.6973,,,,,,
Guangdong,2008.0,2.0,651 ,71 ,0.10980000000000001,0 ,0 ,,,,,,,,,,,,,,,,,,,
Jiangsu,2021.0,2.0,2496 ,620 ,0.2484,1561 ,264 ,0.16879999999999998,2496 ,1890 ,0.7574,1561 ,804 ,0.5146999999999999,1150 ,1078 ,0.9375,719 ,458 ,0.637,1251 ,1231 ,0.9837,783 ,523 ,0.6684
Zhejiang,2012.0,1.0,623 ,235 ,0.3772,0 ,0 ,,,,,,,,,,,,,,,,,,,
Zhejiang,2019.0,1.0,536 ,214 ,0.3993,0 ,0 ,,,,,,,,,,,,,,,,,,,
Jiangsu,2019.0,1.0,15467 ,2682 ,0.1734,0 ,0 ,,15423 ,8754 ,0.5676,0 ,0 ,,12073 ,9252 ,0.7663,0 ,0 ,,,,,,,
Jiangsu,2020.0,1.0,14679 ,2990 ,0.20370000000000002,0 ,0 ,,16186 ,9706 ,0.5996,0 ,0 ,,11099 ,8902 ,0.802,0 ,0 ,,,,,,,
Guangdong,2004.0,2.0,,,,,,,,,,,,,,,,,,,,,,,,
Tianjin,2003.0,2.0,0 ,0 ,,237 ,11 ,0.0464,0 ,0 ,,286 ,40 ,0.1399,0 ,0 ,,177 ,68 ,0.38420000000000004,,,,,,
Beijing,2008.0,2.0,2822 ,829,0.2937,,,,2822 ,1375,0.48719999999999997,,,,4378,2793,0.638,,,,5295,3784,0.7145999999999999,,,
Jiangsu,2019.0,2.0,,0 ,,3257 ,726 ,0.223,,,,,,,,,,,,,,,,,,
Jiangsu,2020.0,2.0,1643,,,2171,,,,,,1086,,,,,,,,,,,,,,
Zhejiang,2016.0,1.0,,,,,,,,,,,,,,,,,,,1424,1219,0.8561,,,
Zhejiang,2018.0,1.0,,,,,,,,,,,,,,,,,,,1268,1056,0.8328,,,
Zhejiang,2020.0,1.0,,,,,,,,,,,,,,,,,,,1242,1060,0.8532,,,
Zhejiang,2022.0,1.0,,,,,,,,,,,,,,,,,,,1321,1103,0.8347,,,
Zhejiang,2012.0,2.0,828,188,0.2271,,,,828,569,0.6878,,,,,,,,,,,,,,,
Beijing,2011.0,2.0,2923,727,0.2488,,,,1326,833,0.6286,,,,,,,,,,,,,,,
Liaoning,2012.0,2.0,616,112,0.1818,,,,438,243,0.5559000000000001,,,,566,410,0.7243999999999999,,,,,,,,,
Beijing,1995.0,3.0,943,213,0.2263,932,96,0.1026,943,281,0.2975,932,172,0.18489999999999998,942,551,0.5846,930,313,0.33649999999999997,937,619,0.6604000000000001,921,479,0.5202
Tianjin,1995.0,3.0,943,68,0.0723,932,29,0.0315,943,69,0.073,932,148,0.1585,942,348,0.3696,930,408,0.4391,937,364,0.3887,921,463,0.5027
Liaoning,1995.0,3.0,943,151,0.1598,932,53,0.056799999999999996,943,237,0.251,932,107,0.11470000000000001,942,564,0.5991,930,314,0.3373,937,753,0.8031,921,587,0.6373
Shanghai,1995.0,3.0,943,269,0.2849,932,116,0.1242,943,449,0.4756,932,284,0.30510000000000004,942,611,0.6487,930,536,0.5756,937,777,0.8294,921,736,0.7987000000000001
Jiangsu,1995.0,3.0,943,177,0.1877,932,74,0.07919999999999999,943,381,0.40409999999999996,932,205,0.22030000000000002,942,597,0.634,930,484,0.5196999999999999,937,760,0.8105,921,732,0.7945
Zhejiang,1995.0,3.0,943,233,0.24719999999999998,932,195,0.2097,943,395,0.41850000000000004,932,417,0.4476,942,705,0.7483,930,646,0.6942,937,804,0.8581,921,800,0.8684999999999999
Shandong,1995.0,3.0,943,121,0.1278,932,118,0.1267,943,362,0.3834,932,360,0.3861,942,665,0.7055,930,542,0.5821000000000001,937,797,0.8501000000000001,921,757,0.8220999999999999
Guangdong,1995.0,3.0,943,154,0.16329999999999997,932,23,0.0245,943,305,0.3233,932,83,0.0889,942,511,0.5421,930,304,0.32659999999999995,937,698,0.7445999999999999,921,517,0.5617
Beijing,2000.0,3.0,937,185,0.1974,998,116,0.1162,935,278,0.2973,917,159,0.1734,935,575,0.615,921,329,0.35719999999999996,933,744,0.7974,721,439,0.6089
Tianjin,2000.0,3.0,361,116,0.32130000000000003,718,36,0.0501,360,86,0.2389,720,102,0.1417,360,177,0.4917,720,235,0.3264,360,248,0.6889,721,417,0.5784
Liaoning,2000.0,3.0,1565,292,0.1866,1575,111,0.0705,1569,366,0.23329999999999998,1614,226,0.14,1528,690,0.45159999999999995,1608,457,0.2842,1546,1192,0.7709999999999999,1576,1037,0.6579999999999999
Shanghai,2000.0,3.0,1945,406,0.2087,1984,191,0.09630000000000001,1905,813,0.4268,2007,638,0.3179,1892,1224,0.6469,2152,1245,0.5785,1620,1261,0.7784,1751,1339,0.7646999999999999
Jiangsu,2000.0,3.0,949,238,0.25079999999999997,938,148,0.1578,936,374,0.3996,946,184,0.1945,948,654,0.6899,945,511,0.5407,923,793,0.8592,944,826,0.875
Zhejiang,2000.0,3.0,899,219,0.24359999999999998,900,103,0.1144,900,334,0.3711,900,380,0.42219999999999996,900,667,0.7411,900,639,0.71,899,776,0.8632,897,784,0.8740000000000001
Shandong,2000.0,3.0,1029,204,0.19829999999999998,1034,111,0.1074,1119,417,0.37270000000000003,1066,343,0.3218,1032,703,0.6812,1077,645,0.5989,1026,870,0.848,1104,924,0.8370000000000001
Guangdong,2000.0,3.0,900,154,0.1711,900,45,0.05,900,267,0.2967,900,89,0.0989,900,485,0.5389,899,234,0.26030000000000003,899,691,0.7686,898,481,0.5356000000000001
Beijing,2005.0,3.0,893,252,0.2822,927,169,0.18230000000000002,931,436,0.4683,935,286,0.3059,948,665,0.7015,942,497,0.5276,1090,857,0.7862,922,702,0.7614
Tianjin,2005.0,3.0,909,244,0.26839999999999997,913,52,0.057,991,467,0.47119999999999995,913,153,0.16760000000000003,970,510,0.5257999999999999,905,399,0.4409,977,727,0.7441,917,662,0.7219
Liaoning,2005.0,3.0,900,330,0.3667,900,263,0.2922,900,499,0.5544,899,414,0.46049999999999996,900,623,0.6922,900,512,0.5689,918,764,0.8321999999999999,909,744,0.8184999999999999
Shanghai,2005.0,3.0,900,218,0.2422,899,130,0.1446,897,412,0.4593,899,321,0.35710000000000003,898,586,0.6526000000000001,900,555,0.6167,899,638,0.7097,900,636,0.7067
Jiangsu,2005.0,3.0,1146,377,0.32899999999999996,1132,305,0.26940000000000003,1135,586,0.5163,1154,583,0.5052,1160,837,0.7216,1132,883,0.78,1197,1059,0.8847,1220,1063,0.8713
Zhejiang,2005.0,3.0,907,240,0.2646,907,223,0.2459,900,516,0.5733,900,463,0.5144,899,716,0.7964,904,697,0.7709999999999999,902,813,0.9013,899,806,0.8966
Shandong,2005.0,3.0,1056,314,0.2973,1080,256,0.237,1108,602,0.5433,1083,565,0.5217,1032,844,0.8178,1071,807,0.7535,1069,949,0.8876999999999999,1077,989,0.9183
Guangdong,2005.0,3.0,900,283,0.3144,900,97,0.10779999999999999,900,467,0.5189,900,191,0.2122,900,601,0.6678000000000001,900,337,0.37439999999999996,900,686,0.7622,900,548,0.6089
Beijing,2010.0,3.0,898,332,0.3697,900,261,0.29,900,548,0.6089,900,385,0.4278,900,703,0.7811,900,582,0.6467,900,758,0.8422,900,707,0.7856000000000001
Tianjin,2010.0,3.0,900,153,0.17,899,55,0.061200000000000004,900,352,0.3911,900,216,0.24,900,590,0.6556000000000001,900,460,0.5111,900,640,0.7111,899,530,0.5895
Liaoning,2010.0,3.0,897,305,0.34,896,172,0.192,899,500,0.5562,899,340,0.3782,897,695,0.7748,898,546,0.608,898,778,0.8664000000000001,895,720,0.8045
Shanghai,2010.0,3.0,900,337,0.37439999999999996,900,307,0.3411,900,589,0.6544,900,551,0.6122,900,749,0.8321999999999999,900,758,0.8422,900,800,0.8889,900,793,0.8811
Jiangsu,2010.0,3.0,900,338,0.37560000000000004,900,243,0.27,900,541,0.6011,900,435,0.4833,900,675,0.75,900,674,0.7489,900,721,0.8011,900,724,0.8044
Zhejiang,2010.0,3.0,900,330,0.3667,900,299,0.3322,898,599,0.667,900,614,0.6822,900,791,0.8789,900,805,0.8944,900,821,0.9122,894,796,0.8904000000000001
Shandong,2010.0,3.0,889,421,0.4736,890,339,0.3809,881,595,0.6754000000000001,894,494,0.5526,889,752,0.8459,899,653,0.7264,895,808,0.9028,898,819,0.912
Guangdong,2010.0,3.0,900,397,0.4411,900,176,0.1956,900,551,0.6122,900,365,0.4056,900,624,0.6933,900,496,0.5511,900,718,0.7978000000000001,900,591,0.6567000000000001
Beijing,2014.0,3.0,900,346,0.38439999999999996,900,261,0.29,900,639,0.71,900,483,0.5367000000000001,900,778,0.8644,900,706,0.7844,800,735,0.9188,800,697,0.8713
Tianjin,2014.0,3.0,898,341,0.3797,899,239,0.2659,893,613,0.6865000000000001,899,499,0.5550999999999999,898,766,0.853,899,738,0.8209000000000001,900,794,0.8822,900,771,0.8567
Liaoning,2014.0,3.0,899,270,0.3003,899,237,0.2636,896,518,0.5781000000000001,900,398,0.4422,900,632,0.7021999999999999,898,646,0.7193999999999999,900,715,0.7944,899,677,0.7531
Shanghai,2014.0,3.0,900,405,0.45,900,339,0.37670000000000003,900,625,0.6944,900,631,0.7011,900,743,0.8256,900,789,0.8767,862,773,0.8968,881,827,0.9387000000000001
Jiangsu,2014.0,3.0,900,412,0.4578,900,350,0.3889,900,657,0.73,900,597,0.6633,900,803,0.8922,900,753,0.8367,750,703,0.9373,799,725,0.9074
Zhejiang,2014.0,3.0,898,361,0.402,890,148,0.1663,896,573,0.6395000000000001,893,268,0.30010000000000003,883,635,0.7191,900,322,0.3578,892,563,0.6312,900,399,0.44329999999999997
Shandong,2014.0,3.0,898,377,0.41979999999999995,898,373,0.4154,899,571,0.6352,899,512,0.5695,900,769,0.8543999999999999,898,644,0.7171,900,817,0.9078,899,739,0.8220000000000001
Guangdong,2014.0,3.0,899,380,0.4227,900,248,0.2756,899,545,0.6062,900,427,0.4744,900,712,0.7911,899,569,0.6329,899,723,0.8042,900,609,0.6767
Shaanxi,2012.0,2.0,,,,,,,0 ,0 ,,9967 ,2308 ,0.2316,,,,,,,,,,,,
Inner Mongolia,2013.0,2.0,0 ,0 ,,560 ,183 ,0.3268,0 ,0 ,,398 ,255 ,0.6406999999999999,0 ,0 ,,374 ,293 ,0.7834,0 ,0 ,,233 ,192 ,0.8240000000000001
Chongqing,2006.0,2.0,891 ,19 ,0.0209,0 ,0 ,,1010 ,116 ,0.1148,0 ,0 ,,1169 ,282 ,0.2412,0 ,0 ,,,,,,,
Hubei,2018.0,1.0,58506 ,14141 ,0.24170000000000003,0 ,0 ,,58506 ,27808 ,0.4753,0 ,0 ,,,,,,,,,,,,,
Hubei,2020.0,1.0,58506 ,14351 ,0.24530000000000002,0 ,0 ,,58506 ,31476 ,0.5379999999999999,0 ,0 ,,,,,,,,,,,,,
Heilongjiang,2008.0,2.0,0 ,0 ,,436 ,4 ,0.0092,0 ,0 ,,584 ,26 ,0.044500000000000005,,,,,,,0 ,0 ,,655 ,54 ,0.0824
Hubei,2017.0,2.0,12872 ,3104 ,0.24109999999999998,4083 ,325 ,0.0796,,,,,,,,,,,,,,,,,,
Chongqing,2019.0,1.0,30223 ,4944 ,0.1636,0 ,0 ,,21933 ,9916 ,0.4521,0 ,0 ,,18528 ,11865 ,0.6404000000000001,0 ,0 ,,10764 ,8438 ,0.7839,0 ,0 ,
Chongqing,2012.0,1.0,969 ,161 ,0.16620000000000001,0 ,0 ,,911 ,414 ,0.45439999999999997,0 ,0 ,,,,,,,,,,,,,
Chongqing,2018.0,1.0,749 ,138 ,0.1848,0 ,0 ,,749 ,383 ,0.5108,0 ,0 ,,533 ,339 ,0.636,0 ,0 ,,910 ,648 ,0.7121,0 ,0 ,
Hubei,2014.0,2.0,,,,,,,,,,,,,,,,,,,,,,,,
Inner Mongolia,2020.0,2.0,11804 ,3382 ,0.2865,24862 ,6843 ,0.2752,11776 ,6917 ,0.5874,24806 ,13997 ,0.5643,11685 ,8945 ,0.7655,24613 ,18099 ,0.7354,10303 ,8756 ,0.8498,21703 ,17716 ,0.8162999999999999
Shaanxi,2018.0,1.0,1840 ,479 ,0.2605,1483 ,316 ,0.21289999999999998,3851 ,2253,0.5849,1483 ,709 ,0.4782,2472 ,1992 ,0.8056,1993 ,1312 ,0.6586,2446 ,2238 ,0.9148999999999999,1972 ,1475 ,0.748
Hubei,2017.0,2.0,0 ,0 ,,13244 ,3059 ,0.231,,,,,,,,,,,,,,,,,,
Hubei,2019.0,2.0,0 ,0 ,,4098 ,1050 ,0.2562,0 ,0 ,,6603 ,2509 ,0.38,,,,,,,,,,,,
Chongqing,2012.0,1.0,378 ,59 ,0.1561,0 ,0 ,,597 ,229 ,0.3836,0 ,0 ,,125 ,74 ,0.5920000000000001,0 ,0 ,,,,,,,
Shaanxi,2019.0,1.0,,,,,,,,,,,,,,,,,,,,,,,,
Fujian,2010.0,1.0,,,,,,,,,,,,,,,,,,,,,,,,
Jilin,2004.0,2.0,,,,,,,,,,,,,,,,,,,,,,,,
Fujian,1998.0,2.0,132 ,24 ,0.1793,104 ,8 ,0.0758,,,,,,,,,,,,,,,,,,
Fujian,2020.0,1.0,5872 ,2129 ,0.3627,4378 ,1509 ,0.34450000000000003,5842 ,3981 ,0.6815000000000001,4357 ,2454 ,0.5633,5706 ,4924 ,0.8629000000000001,4255 ,3488 ,0.8198000000000001,5470 ,5117 ,0.9355,4079 ,3625 ,0.8887
Shaanxi,2021.0,1.0,1648 ,563 ,0.34159999999999996,0 ,0 ,,1942 ,1212 ,0.6241,0 ,0 ,,2978 ,2485 ,0.8345,0 ,0 ,,4874 ,4418 ,0.9064,0 ,0 ,
Fujian,2020.0,2.0,1956 ,257 ,0.13119999999999998,1284 ,163 ,0.1272,1963 ,867 ,0.44189999999999996,1288 ,436 ,0.3383,1964 ,1337 ,0.6809999999999999,1289 ,851 ,0.6598999999999999,1922 ,1530 ,0.7961,1261 ,973 ,0.7715000000000001
Fujian,1999.0,2.0,119,26,0.2181,91,7,0.0746,,,,,,,,,,,,,,,,,,
Chongqing,2018.0,1.0,245 ,40 ,0.16399999999999998,184 ,25 ,0.13449999999999998,324 ,169 ,0.5203,244 ,91 ,0.3726,,,,,,,,,,,,
Inner Mongolia,1995.0,3.0,943,126,0.1334,932,61,0.0653,943,296,0.3139,932,179,0.1917,942,576,0.6111,930,391,0.4208,937,699,0.746,921,543,0.5896
Jilin,1995.0,3.0,943,175,0.18530000000000002,932,143,0.15289999999999998,943,292,0.31,932,168,0.1807,942,479,0.509,930,372,0.39990000000000003,937,689,0.7356,921,544,0.5903
Heilongjiang,1995.0,3.0,943,136,0.1441,932,31,0.0333,943,188,0.19899999999999998,932,52,0.056299999999999996,942,410,0.4354,930,124,0.1333,937,663,0.7070000000000001,921,312,0.3383
Fujian,1995.0,3.0,943,259,0.275,932,139,0.14880000000000002,943,428,0.4536,932,216,0.23199999999999998,942,689,0.7319,930,411,0.4415,937,778,0.8306999999999999,921,486,0.5272
Hubei,1995.0,3.0,943,174,0.1845,932,217,0.2325,943,268,0.2845,932,213,0.2289,942,557,0.5911,930,413,0.44439999999999996,937,759,0.8101999999999999,921,550,0.5972
Shaanxi,1995.0,3.0,943,203,0.21489999999999998,932,131,0.1409,943,319,0.3382,932,173,0.1857,942,575,0.6102000000000001,930,258,0.2775,937,667,0.7112999999999999,921,445,0.48350000000000004
Inner Mongolia,2000.0,3.0,882,145,0.16440000000000002,887,40,0.0451,885,252,0.2847,849,98,0.11539999999999999,885,441,0.49829999999999997,747,222,0.29719999999999996,899,664,0.7386,872,515,0.5906
Jilin,2000.0,3.0,897,202,0.22519999999999998,895,140,0.1564,893,231,0.2587,895,157,0.1754,888,371,0.4178,844,178,0.2109,1052,656,0.6236,978,490,0.501
Heilongjiang,2000.0,3.0,901,161,0.1787,897,62,0.0691,899,227,0.2525,892,95,0.1065,912,353,0.3871,897,102,0.1137,890,661,0.7426999999999999,900,376,0.4178
Fujian,2000.0,3.0,899,289,0.3215,897,180,0.2007,900,371,0.4122,899,189,0.2102,900,583,0.6478,900,370,0.4111,830,685,0.8253,896,648,0.7232
Hubei,2000.0,3.0,898,228,0.2539,900,123,0.1367,899,263,0.2925,900,126,0.14,898,554,0.6169,899,306,0.3404,900,709,0.7878000000000001,900,612,0.68
Chongqing,2000.0,3.0,896,181,0.20199999999999999,903,70,0.0775,895,315,0.35200000000000004,901,101,0.1121,900,545,0.6056,900,339,0.37670000000000003,900,644,0.7156,888,554,0.6239
Shaanxi,2000.0,3.0,900,193,0.2144,900,111,0.1233,899,259,0.28809999999999997,900,139,0.15439999999999998,900,543,0.6033,900,274,0.3044,900,691,0.7678,900,597,0.6633
Inner Mongolia,2005.0,3.0,970,294,0.3031,950,100,0.10529999999999999,963,525,0.5452,965,148,0.1534,980,700,0.7143,973,355,0.3649,923,717,0.7768,996,634,0.6365
Jilin,2005.0,3.0,1073,360,0.33549999999999996,1078,176,0.16329999999999997,1061,517,0.48729999999999996,1074,256,0.2384,1091,612,0.561,1076,403,0.37450000000000006,1077,903,0.8384,1086,720,0.6629999999999999
Heilongjiang,2005.0,3.0,897,111,0.12369999999999999,900,128,0.1422,898,292,0.32520000000000004,894,177,0.198,889,267,0.3003,890,245,0.2753,899,248,0.2759,890,269,0.30219999999999997
Fujian,2005.0,3.0,937,193,0.20600000000000002,927,180,0.1942,931,422,0.4533,947,216,0.2281,922,642,0.6962999999999999,931,343,0.36840000000000006,1010,815,0.8069,1101,734,0.6667000000000001
Hubei,2005.0,3.0,598,155,0.25920000000000004,601,128,0.213,550,187,0.34,604,176,0.2914,600,373,0.6217,596,288,0.4832,561,442,0.7879,577,384,0.6655
Chongqing,2005.0,3.0,1248,375,0.3005,1117,189,0.16920000000000002,1165,535,0.4592,1146,261,0.22769999999999999,1080,771,0.7139,1223,762,0.6231,1065,881,0.8271999999999999,1162,903,0.7770999999999999
Shaanxi,2005.0,3.0,900,374,0.4156,900,177,0.1967,900,507,0.5633,900,196,0.21780000000000002,900,626,0.6956,899,304,0.3382,899,727,0.8087000000000001,900,492,0.5467
Inner Mongolia,2010.0,3.0,900,499,0.5544,900,353,0.3922,900,635,0.7056,900,436,0.4844,900,730,0.8111,900,601,0.6678000000000001,880,756,0.8591,900,739,0.8210999999999999
Jilin,2010.0,3.0,900,341,0.3789,900,173,0.19219999999999998,884,494,0.5588000000000001,900,432,0.48,900,687,0.7633,900,561,0.6233,900,685,0.7611,900,556,0.6178
Heilongjiang,2010.0,3.0,892,327,0.3666,897,122,0.136,899,478,0.5317000000000001,896,213,0.2377,898,611,0.6804000000000001,900,474,0.5267000000000001,896,722,0.8058,896,658,0.7343999999999999
Fujian,2010.0,3.0,900,388,0.4311,896,246,0.2746,898,566,0.6303,900,336,0.37329999999999997,900,706,0.7844,899,507,0.564,887,780,0.8794,900,696,0.7733
Hubei,2010.0,3.0,900,246,0.2733,900,246,0.2733,899,503,0.5595,900,366,0.4067,900,635,0.7056,898,497,0.5535,891,770,0.8642,899,505,0.5617
Chongqing,2010.0,3.0,900,222,0.24670000000000003,899,144,0.1602,898,491,0.5468,898,320,0.3563,899,699,0.7775,897,463,0.5162,895,752,0.8402,897,645,0.7191
Shaanxi,2010.0,3.0,900,345,0.3833,900,160,0.1778,897,535,0.5964,896,324,0.3616,897,649,0.7234999999999999,900,446,0.49560000000000004,899,775,0.8621,900,598,0.6644
Inner Mongolia,2014.0,3.0,886,424,0.47859999999999997,876,218,0.2489,885,634,0.7164,878,424,0.4829,882,740,0.8390000000000001,888,601,0.6768000000000001,877,764,0.8712000000000001,886,729,0.8228
Jilin,2014.0,3.0,900,360,0.4,900,259,0.2878,898,540,0.6013000000000001,890,455,0.5112,900,710,0.7889,900,630,0.7,899,719,0.7998000000000001,835,464,0.5557
Heilongjiang,2014.0,3.0,888,320,0.3604,900,158,0.17559999999999998,899,569,0.6329,900,348,0.38670000000000004,900,670,0.7444,895,370,0.41340000000000005,900,759,0.8432999999999999,894,751,0.84
Fujian,2014.0,3.0,900,331,0.3678,900,183,0.20329999999999998,900,506,0.5622,900,416,0.4622,900,634,0.7044,900,600,0.6667000000000001,900,701,0.7789,900,742,0.8244
Hubei,2014.0,3.0,899,308,0.34259999999999996,900,258,0.2867,899,441,0.4905,899,471,0.5239,900,508,0.5644,900,598,0.6644,822,458,0.5572,848,630,0.7429000000000001
Chongqing,2014.0,3.0,900,287,0.3189,900,176,0.1956,900,501,0.5567,900,375,0.4167,900,705,0.7833,900,571,0.6344,900,766,0.8511,900,653,0.7256
Shaanxi,2014.0,3.0,898,306,0.3408,900,207,0.23,896,527,0.5882000000000001,899,416,0.46270000000000006,899,697,0.7753,899,556,0.6185,894,807,0.9027,896,676,0.7545000000000001
Xinjiang,2013.0,2.0,211 ,22 ,0.1052,0 ,0 ,,158 ,39 ,0.2468,0 ,0 ,,158 ,48 ,0.3038,0 ,0 ,,,,,,,
Henan,2017.0,2.0,,,,,,,1887 ,662 ,0.3506,0 ,0 ,,,,,,,,,,,,,
Xinjiang,2019.0,1.0,14020 ,3988 ,0.2844,7538 ,942 ,0.125,14020 ,6393 ,0.456,7538 ,1510 ,0.2004,12733 ,8919 ,0.7005,6846 ,2107 ,0.3078,13634 ,12506 ,0.9173,7330 ,2955 ,0.4031
Hebei,2010.0,2.0,0 ,0 ,,286 ,35 ,0.1231,0 ,0 ,,286 ,65 ,0.2267,0 ,0 ,,152 ,56 ,0.3653,0 ,0 ,,152 ,111 ,0.731
Hebei,2019.0,1.0,,,,,,,,,,,,,,,,,,,,,,,,
Shanxi,2019.0,1.0,0 ,0 ,,1422 ,674 ,0.474,0 ,0 ,,4492 ,2808 ,0.6251,0 ,0 ,,4445 ,3578 ,0.8049,0 ,0 ,,2574 ,2233 ,0.8675
Xinjiang,2019.0,2.0,18702 ,6780 ,0.3625,4218 ,670 ,0.1588,18708 ,12133 ,0.6485,3219 ,1388 ,0.43119999999999997,11947 ,9531 ,0.7978000000000001,4004 ,1901 ,0.47479999999999994,4444 ,3785 ,0.8517,5451 ,2542 ,0.46630000000000005
Xinjiang,2018.0,1.0,6108 ,606 ,0.0992,0 ,0 ,,,,,,,,,,,,,,,,,,,
Hainan,2019.0,1.0,,,,,,,2219 ,861 ,0.38799999999999996,2558 ,856 ,0.3346,1807 ,1153 ,0.6381,2222 ,1158 ,0.5212,2020 ,1406 ,0.696,2367 ,1491 ,0.6299
Shanxi,2019.0,1.0,0 ,0 ,,257 ,36 ,0.1411,0 ,0 ,,223 ,101 ,0.452,,,,,,,,,,,,
Hainan,2003.0,2.0,0 ,0 ,,1173 ,7 ,0.0059,0 ,0 ,,1173 ,38 ,0.0326,0 ,0 ,,2435 ,59 ,0.0242,0 ,0 ,,1590 ,58 ,0.0365
Hebei,2019.0,1.0,16230 ,3861 ,0.2379,0 ,0 ,,9353 ,5364 ,0.5735,0 ,0 ,,4829 ,3495 ,0.7238,0 ,0 ,,,,,,,
Hebei,2020.0,1.0,12823 ,5850 ,0.4562,0 ,0 ,,9728 ,6787 ,0.6977,0 ,0 ,,7861 ,6412 ,0.8157,0 ,0 ,,,,,,,
Hainan,2019.0,1.0,0 ,0 ,,3775 ,363 ,0.0962,0 ,0 ,,4777 ,846 ,0.1771,0 ,0 ,,3777 ,1078 ,0.2854,0 ,0 ,,872 ,498 ,0.5710999999999999
Xinjiang,2013.0,2.0,,,,,,,,,,,,,2462 ,1367 ,0.5552,0 ,0 ,,,,,,,
Hainan,2013.0,2.0,635 ,105 ,0.1654,0 ,0 ,,583 ,201 ,0.3448,0 ,0 ,,,,,,,,,,,,,
Jiangxi,2005.0,2.0,1591 ,111 ,0.0697,0 ,0 ,,,,,,,,,,,,,,,,,,,
Ningxia,2018.0,1.0,499 ,64 ,0.1283,0 ,0 ,,505 ,198 ,0.3921,0 ,0 ,,534 ,226 ,0.4232,0 ,0 ,,980 ,840 ,0.8571,0 ,0 ,
Ningxia,2020.0,1.0,519 ,116 ,0.2235,0 ,0 ,,511 ,154 ,0.3014,0 ,0 ,,489 ,201 ,0.41100000000000003,0 ,0 ,,793 ,605 ,0.7629,0 ,0 ,
Ningxia,2021.0,1.0,6392 ,2181 ,0.34119999999999995,0 ,0 ,,5468 ,3326 ,0.6083,0 ,0 ,,2368 ,1996 ,0.8429000000000001,0 ,0 ,,,,,,,
Xinjiang,2018.0,1.0,4161 ,259 ,0.0623,0 ,0 ,,1423 ,165 ,0.1158,0 ,0 ,,,,,,,,,,,,,
Henan,2008.0,2.0,,,,,,,,,,,,,,,,,,,,,,,,
Henan,2010.0,2.0,,,,,,,,,,,,,,,,,,,,,,,,
Henan,2005.0,2.0,,,,,,,,,,,,,,,,,,,,,,,,
Xinjiang,2017.0,2.0,,,,,,,,,,,,,,,,,,,,,,,,
Hunan,2021.0,2.0,,,,,,,,,,,,,,,,,,,,,,,,
Hunan,2017.0,1.0,,,,,,,,,,,,,,,,,,,,,,,,
Shanxi,2006.0,2.0,,,,,,,,,,,,,,,,,,,,,,,,
Henan,2014.0,2.0,7921 ,1175 ,0.1483,0 ,0 ,,,,,,,,,,,,,,,,,,,
Henan,2017.0,2.0,,,,,,,6889 ,3392 ,0.4924,0 ,0 ,,,,,,,,,,,,,
Hebei,1995.0,3.0,943,220,0.2334,932,156,0.1678,943,322,0.3411,932,257,0.2756,942,626,0.6644,930,492,0.5288,937,759,0.8101999999999999,921,633,0.6873
Shanxi,1995.0,3.0,943,248,0.2631,932,138,0.1481,943,454,0.4817,932,399,0.42829999999999996,942,675,0.7162999999999999,930,593,0.6377,937,728,0.7766,921,693,0.7525
Jiangxi,1995.0,3.0,943,193,0.2047,932,39,0.0421,943,329,0.3489,932,93,0.1003,942,601,0.6385000000000001,930,314,0.3379,937,718,0.7663,921,541,0.5871999999999999
Henan,1995.0,3.0,943,142,0.1509,932,85,0.0908,943,318,0.337,932,186,0.2,942,567,0.6023,930,385,0.4138,937,646,0.6890000000000001,921,535,0.5807
Hunan,1995.0,3.0,943,144,0.15289999999999998,932,102,0.1094,943,290,0.307,932,123,0.1317,942,527,0.5589999999999999,930,308,0.3306,937,663,0.7079000000000001,921,611,0.6631999999999999
Hainan,1995.0,3.0,943,71,0.0757,932,38,0.0412,943,177,0.188,932,55,0.058899999999999994,942,389,0.4132,930,218,0.2343,937,534,0.5700999999999999,921,353,0.3834
Ningxia,1995.0,3.0,943,224,0.2371,932,200,0.2145,943,419,0.44409999999999994,932,213,0.22829999999999998,942,652,0.6926000000000001,930,367,0.3947,937,713,0.7612000000000001,921,495,0.5373
Xinjiang,1995.0,3.0,943,154,0.1634,932,64,0.0689,943,236,0.25,932,125,0.1344,942,421,0.44659999999999994,930,253,0.2722,937,513,0.5479999999999999,921,402,0.4364
Hebei,2000.0,3.0,814,234,0.2875,896,225,0.2511,926,309,0.3337,854,329,0.38520000000000004,895,464,0.5184000000000001,597,276,0.4623,899,685,0.762,740,580,0.7837999999999999
Shanxi,2000.0,3.0,899,158,0.17579999999999998,900,92,0.10220000000000001,898,281,0.3129,898,190,0.2116,900,541,0.6011,899,521,0.5795,897,711,0.7926000000000001,898,710,0.7906
Jiangxi,2000.0,3.0,900,175,0.19440000000000002,840,40,0.047599999999999996,899,251,0.2792,893,95,0.10640000000000001,898,617,0.6870999999999999,896,349,0.3895,899,683,0.7597,888,582,0.6554000000000001
Henan,2000.0,3.0,899,155,0.1724,899,58,0.0645,900,292,0.32439999999999997,900,115,0.1278,900,547,0.6078,899,372,0.4138,897,697,0.777,898,558,0.6214
Hunan,2000.0,3.0,900,215,0.2389,899,78,0.0868,899,251,0.2792,899,100,0.1112,897,481,0.5362,899,288,0.3204,899,669,0.7442,899,592,0.6585
Hainan,2000.0,3.0,1044,152,0.1456,656,22,0.0335,1122,239,0.213,656,40,0.061,1097,491,0.4476,545,85,0.156,913,556,0.609,515,181,0.3515
Ningxia,2000.0,3.0,901,152,0.16870000000000002,899,98,0.109,901,274,0.3041,899,129,0.1435,901,475,0.5272,899,258,0.287,900,626,0.6956,900,480,0.5333
Xinjiang,2000.0,3.0,300,55,0.1833,300,23,0.0767,300,88,0.2933,300,52,0.17329999999999998,301,174,0.5781000000000001,299,146,0.48829999999999996,300,258,0.86,300,198,0.66
Hebei,2005.0,3.0,977,227,0.2323,988,211,0.21359999999999998,996,391,0.3926,1003,330,0.32899999999999996,981,607,0.6188,973,548,0.5632,1001,732,0.7313,1057,803,0.7597
Shanxi,2005.0,3.0,900,329,0.36560000000000004,897,285,0.3177,899,423,0.4705,898,358,0.3987,900,668,0.7422,899,523,0.5818,900,688,0.7644,899,759,0.8443
Jiangxi,2005.0,3.0,949,166,0.17489999999999997,917,67,0.0731,920,320,0.3478,932,148,0.1588,936,638,0.6816,928,434,0.4677,917,665,0.7252,947,590,0.623
Henan,2005.0,3.0,1078,270,0.2505,1080,50,0.0463,1080,458,0.4241,1079,123,0.114,1080,671,0.6213000000000001,1080,368,0.3407,1079,881,0.8165,1079,797,0.7386
Hunan,2005.0,3.0,929,225,0.2422,921,136,0.1477,934,356,0.3812,916,217,0.2369,922,617,0.6692,923,401,0.43450000000000005,920,726,0.7890999999999999,921,728,0.7904000000000001
Hainan,2005.0,3.0,1600,368,0.23,801,65,0.08109999999999999,1519,440,0.2897,876,101,0.1153,1578,915,0.5798,1054,297,0.2818,1162,813,0.6997,1099,484,0.4404
Ningxia,2005.0,3.0,903,329,0.3643,892,254,0.2848,893,479,0.5364,898,378,0.42090000000000005,887,614,0.6922,863,393,0.45539999999999997,1049,861,0.8208,1054,695,0.6594
Xinjiang,2005.0,3.0,1232,261,0.2119,1209,112,0.0926,1370,456,0.3328,1255,206,0.1641,1310,728,0.5557,1292,459,0.3553,1311,1026,0.7826000000000001,1275,722,0.5663
Hebei,2010.0,3.0,897,324,0.36119999999999997,896,330,0.36829999999999996,897,505,0.563,897,465,0.5184000000000001,895,648,0.7240000000000001,895,657,0.7341,880,566,0.6431999999999999,899,698,0.7764
Shanxi,2010.0,3.0,900,459,0.51,900,418,0.4644,900,616,0.6844,899,494,0.5495,900,752,0.8356,897,594,0.6622,897,806,0.8986,899,745,0.8287
Jiangxi,2010.0,3.0,895,253,0.2827,899,126,0.1402,900,477,0.53,890,212,0.2382,896,665,0.7422,882,475,0.5385,895,736,0.8223,892,642,0.7197
Henan,2010.0,3.0,900,269,0.2989,900,156,0.17329999999999998,900,528,0.5867,900,299,0.3322,900,706,0.7844,900,532,0.5911,900,741,0.8233,900,698,0.7756000000000001
Hunan,2010.0,3.0,899,253,0.2814,899,195,0.2169,899,422,0.4694,900,334,0.3711,895,626,0.6994,900,512,0.5689,899,700,0.7786,899,664,0.7386
Hainan,2010.0,3.0,844,203,0.24050000000000002,899,164,0.18239999999999998,900,329,0.36560000000000004,899,165,0.18350000000000002,869,394,0.4534,896,284,0.317,876,435,0.4966,897,472,0.5262
Ningxia,2010.0,3.0,900,289,0.3211,900,200,0.22219999999999998,900,511,0.5678,899,267,0.297,900,651,0.7232999999999999,900,307,0.3411,895,784,0.8759999999999999,898,478,0.5323
Xinjiang,2010.0,3.0,900,225,0.25,896,82,0.0915,900,383,0.42560000000000003,900,139,0.15439999999999998,900,564,0.6267,893,335,0.3751,899,674,0.7497,900,615,0.6833
Hebei,2014.0,3.0,899,200,0.2225,899,203,0.22579999999999997,900,332,0.3689,899,338,0.376,891,501,0.5623,900,427,0.4744,900,523,0.5811,900,471,0.5233
Shanxi,2014.0,3.0,900,282,0.31329999999999997,900,292,0.32439999999999997,900,547,0.6078,900,480,0.5333,900,609,0.6767,900,624,0.6933,900,660,0.7333,900,650,0.7222
Jiangxi,2014.0,3.0,900,250,0.2778,900,172,0.1911,900,542,0.6022,900,285,0.31670000000000004,900,678,0.7533,900,510,0.5667,884,657,0.7432,900,653,0.7256
Henan,2014.0,3.0,900,323,0.3589,900,192,0.2133,900,523,0.5811,900,432,0.48,900,692,0.7689,900,555,0.6167,900,713,0.7922,900,738,0.82
Hunan,2014.0,3.0,900,242,0.26890000000000003,900,269,0.2989,900,456,0.5067,900,408,0.4533,898,627,0.6981999999999999,900,681,0.7567,900,764,0.8489,898,714,0.7951
Hainan,2014.0,3.0,900,195,0.2167,900,126,0.14,900,339,0.37670000000000003,900,268,0.2978,900,462,0.5133,900,477,0.53,900,532,0.5911,900,569,0.6322
Ningxia,2014.0,3.0,884,334,0.3778,842,183,0.2173,852,558,0.6548999999999999,847,382,0.451,894,688,0.7696,873,625,0.7159,898,806,0.8976000000000001,790,663,0.8392000000000001
Xinjiang,2014.0,3.0,900,161,0.1789,835,72,0.0862,900,323,0.3589,900,122,0.1356,900,452,0.5022,899,279,0.3103,900,483,0.5367000000000001,900,480,0.5333
Yunnan,2014.0,2.0,0 ,0 ,,1589 ,344 ,0.2165,0 ,0 ,,4023 ,1583 ,0.3935,0 ,0 ,,2069 ,1079 ,0.5215,,,,,,
Gansu,2012.0,2.0,,,,,,,0 ,0 ,,9967 ,1863 ,0.1869,,,,,,,,,,,,
Tibet,2019.0,2.0,1856 ,157 ,0.08439999999999999,0 ,0 ,,,,,,,,,,,,,,,,,,,
Sichuan,2019.0,1.0,7988 ,2009 ,0.2515,0 ,0 ,,6169 ,3461 ,0.561,0 ,0 ,,2366,1733 ,0.7325,0 ,0 ,,,,,,,
Sichuan,2021.0,1.0,328 ,98 ,0.2988,0 ,0 ,,327 ,197 ,0.6024,0 ,0 ,,483 ,377 ,0.7805,0 ,0 ,,,,,,,
Yunnan,2014.0,2.0,,,,,,,0 ,0 ,,3744 ,185 ,0.049400000000000006,,,,,,,,,,,,
Qinghai,2005.0,2.0,0 ,0 ,,542 ,23 ,0.0431,0 ,0 ,,542 ,60 ,0.1109,,,,,,,,,,,,
Anhui,2020.0,2.0,,,,,,,,,,,,,2645 ,1801 ,0.6809000000000001,3509 ,2234 ,0.6365999999999999,,,,,,
Tibet,2017.0,1.0,0 ,0 ,,1211 ,123 ,0.1016,0 ,0 ,,1211 ,309 ,0.2555,0 ,0 ,,404 ,157 ,0.3882,0 ,0 ,,404 ,174 ,0.43170000000000003
Yunnan,2019.0,2.0,0 ,0 ,,8579 ,681 ,0.0794,0 ,0 ,,15717 ,3715 ,0.2364,,,,,,,,,,,,
Guangxi,2019.0,1.0,0 ,0 ,,638 ,114 ,0.17800000000000002,0 ,0 ,,553 ,315 ,0.5705,,,,,,,,,,,,
Guizhou,2019.0,1.0,0 ,0 ,,372 ,52 ,0.1394,0 ,0 ,,323 ,144 ,0.44659999999999994,,,,,,,,,,,,
Gansu,2019.0,1.0,0 ,0 ,,219 ,33 ,0.14980000000000002,0 ,0 ,,190 ,91 ,0.4802,,,,,,,,,,,,
Guangxi,2018.0,1.0,0 ,0 ,,556 ,80 ,0.1435,0 ,0 ,,556 ,219 ,0.3933,0 ,0 ,,536 ,279 ,0.5205,0 ,0 ,,224 ,169 ,0.7545000000000001
Guangxi,2020.0,1.0,0 ,0 ,,594 ,90 ,0.1519,0 ,0 ,,594 ,247 ,0.41619999999999996,0 ,0 ,,533 ,322 ,0.6041,0 ,0 ,,271 ,241 ,0.8893000000000001
Gansu,2014.0,1.0,326 ,129 ,0.39549999999999996,326 ,113 ,0.3464,282 ,201 ,0.7156,282 ,176 ,0.6268,354 ,314 ,0.8892,354 ,275 ,0.7789,216 ,214 ,0.9895,216 ,187 ,0.8667
Qinghai,2020.0,2.0,1412 ,215 ,0.1523,0 ,0 ,,1077 ,477 ,0.44329999999999997,0 ,0 ,,,,,,,,,,,,,
Gansu,2006.0,2.0,548 ,55 ,0.1007,302 ,10 ,0.0345,548 ,128 ,0.2341,302 ,24 ,0.0802,548 ,241 ,0.44020000000000004,302 ,46 ,0.1509,548 ,416 ,0.6265999999999999,302 ,65 ,0.2148
Gansu,2012.0,2.0,0 ,0 ,,1270 ,114 ,0.0898,0 ,0 ,,1268 ,318 ,0.25079999999999997,,,,,,,,,,,,
Guangxi,2011.0,2.0,1341 ,264 ,0.1967,0 ,0 ,,,,,,,,1076 ,541 ,0.5024000000000001,0 ,0 ,,,,,,,
Tibet,2020.0,1.0,,,,,,,387 ,136 ,0.3514,0 ,0 ,,391 ,253 ,0.6470999999999999,0 ,0 ,,181 ,134 ,0.7422,0 ,0 ,
Gansu,2006.0,1.0,,,,,,,,,,,,,,,,,,,1572 ,1216 ,0.7735,0 ,0 ,
Yunnan,2016.0,2.0,0 ,0 ,,2432 ,98 ,0.0403,,,,,,,0 ,0 ,,2346 ,763 ,0.32539999999999997,,,,,,
Tibet,2020.0,2.0,,,,,,,,,,,,,,,,,,,,,,,,
Sichuan,2019.0,1.0,,,,,,,,,,,,,,,,,,,,,,,,
Qinghai,2019.0,2.0,,,,,,,,,,,,,,,,,,,,,,,,
Yunnan,2017.0,2.0,0 ,0 ,,2903 ,53 ,0.0183,0 ,0 ,,3571 ,533 ,0.1493,,,,,,,,,,,,
Guangxi,2022.0,1.0,,,,,,,,,,,,,,,,,,,,,,,,
Guangxi,2022.0,1.0,22728 ,4081 ,0.1796,1694 ,195 ,0.1151,19018 ,9449 ,0.4968,1807 ,542 ,0.2999,24149 ,18063 ,0.748,0 ,0 ,,31318 ,22339 ,0.7132999999999999,0 ,0 ,
Tibet,2020.0,2.0,1819 ,199 ,0.1094,0 ,0 ,,,,,,,,,,,,,,,,,,,
Gansu,2004.0,2.0,0 ,0 ,,18362 ,1038 ,0.0565,0 ,0 ,,37784 ,6118 ,0.16190000000000002,,,,,,,,,,,,
Gansu,2002.0,2.0,0 ,0 ,,2697 ,156 ,0.057800000000000004,0 ,0 ,,2240 ,330 ,0.14730000000000001,0 ,0 ,,480 ,159 ,0.33130000000000004,,,,,,
Sichuan,2022.0,1.0,,,,2779,1698,0.611,,,,4912,4451,0.9061,,,,2760,2705,0.9801000000000001,,,,278,270,0.9712000000000001
Anhui,1995.0,3.0,943,197,0.2089,932,113,0.1213,943,330,0.35,932,165,0.17670000000000002,942,550,0.5843,930,365,0.3921,937,656,0.7001999999999999,921,528,0.5732
Guangxi,1995.0,3.0,943,73,0.07690000000000001,932,77,0.0824,943,232,0.2462,932,126,0.1354,942,463,0.4916,930,313,0.3368,937,652,0.6956,921,590,0.6406000000000001
Sichuan,1995.0,3.0,943,235,0.2491,932,111,0.1195,943,376,0.39909999999999995,932,128,0.1371,942,662,0.7027,930,305,0.32770000000000005,937,768,0.8195,921,541,0.5869
Guizhou,1995.0,3.0,943,132,0.14,932,41,0.044500000000000005,943,254,0.26890000000000003,932,66,0.0711,942,496,0.5266,930,174,0.1866,937,621,0.6623,921,340,0.36869999999999997
Yunnan,1995.0,3.0,943,187,0.1984,932,66,0.0711,943,306,0.3243,932,184,0.19699999999999998,942,533,0.5658,930,392,0.4211,937,670,0.7154,921,576,0.6254
Gansu,1995.0,3.0,943,182,0.1934,932,169,0.1812,943,363,0.38439999999999996,932,247,0.2646,942,633,0.6725,930,373,0.4011,937,745,0.795,921,486,0.5271
Anhui,2000.0,3.0,900,195,0.2167,899,123,0.1368,900,326,0.36219999999999997,900,198,0.22,900,588,0.6533,900,474,0.5267000000000001,900,737,0.8189,900,683,0.7589
Guangxi,2000.0,3.0,900,73,0.08109999999999999,903,52,0.0576,898,197,0.2194,899,71,0.079,907,454,0.5006,897,213,0.2375,900,700,0.7778,900,611,0.6789000000000001
Sichuan,2000.0,3.0,900,311,0.3456,900,143,0.1589,949,366,0.3857,899,175,0.19469999999999998,900,567,0.63,900,336,0.37329999999999997,1431,1074,0.7505,1257,867,0.6897
Guizhou,2000.0,3.0,899,133,0.1479,900,75,0.0833,900,193,0.2144,897,66,0.0736,890,424,0.4764,905,154,0.1702,894,584,0.6531999999999999,907,287,0.3164
Yunnan,2000.0,3.0,625,102,0.1632,614,50,0.0814,631,220,0.34869999999999995,620,101,0.1629,631,427,0.6767,625,312,0.49920000000000003,622,533,0.8569,623,417,0.6693000000000001
Gansu,2000.0,3.0,1055,277,0.2626,995,125,0.12560000000000002,968,354,0.3657,898,165,0.1837,1101,699,0.6349,945,262,0.2772,1040,872,0.8384999999999999,1023,616,0.6022
Qinghai,2000.0,3.0,306,29,0.09480000000000001,295,11,0.0373,304,95,0.3125,300,21,0.07,297,163,0.5488000000000001,298,59,0.198,301,253,0.8405,300,155,0.5167
Anhui,2005.0,3.0,900,185,0.20559999999999998,900,145,0.1611,900,301,0.3344,900,204,0.2267,899,587,0.6529,898,397,0.4421,899,752,0.8365,901,651,0.7225
Guangxi,2005.0,3.0,900,255,0.2833,899,130,0.1446,900,355,0.3944,900,177,0.1967,899,526,0.5851,900,347,0.3856,900,670,0.7444,900,640,0.7111
Sichuan,2005.0,3.0,1052,483,0.45909999999999995,1116,141,0.1263,1062,699,0.6581999999999999,1101,285,0.2589,1058,813,0.7684000000000001,1104,515,0.46649999999999997,1223,1033,0.8445999999999999,1270,966,0.7606
Guizhou,2005.0,3.0,899,224,0.2492,900,105,0.1167,899,310,0.3448,933,102,0.1093,899,454,0.505,954,153,0.1604,900,492,0.5467,900,371,0.4122
Yunnan,2005.0,3.0,980,231,0.2357,987,176,0.1783,976,436,0.44670000000000004,949,311,0.32770000000000005,979,707,0.7222,928,465,0.5011,974,788,0.809,985,765,0.7766
Gansu,2005.0,3.0,957,386,0.4033,1121,306,0.273,1006,588,0.5845,1178,448,0.3803,1046,779,0.7447,1039,474,0.4562,1057,949,0.8978,1079,727,0.6738
Qinghai,2005.0,3.0,933,192,0.20579999999999998,919,53,0.057699999999999994,910,279,0.3066,947,147,0.1552,916,590,0.6441,916,276,0.3013,922,592,0.6420999999999999,926,527,0.5690999999999999
Anhui,2010.0,3.0,900,371,0.4122,900,257,0.28559999999999997,900,512,0.5689,900,341,0.3789,900,707,0.7856000000000001,900,485,0.5389,900,782,0.8689,900,653,0.7256
Guangxi,2010.0,3.0,895,300,0.33520000000000005,881,194,0.2202,892,508,0.5695,896,280,0.3125,892,589,0.6603,882,444,0.5034000000000001,892,676,0.7578,870,626,0.7195
Sichuan,2010.0,3.0,890,358,0.4022,900,287,0.3189,900,555,0.6167,900,303,0.3367,900,691,0.7678,900,499,0.5544,848,713,0.8408,900,657,0.73
Guizhou,2010.0,3.0,895,398,0.4447,898,223,0.2483,898,460,0.5122,900,253,0.2811,899,629,0.6997,899,313,0.3482,898,665,0.7404999999999999,896,463,0.5167
Yunnan,2010.0,3.0,900,257,0.28559999999999997,900,211,0.23440000000000003,900,453,0.5033,900,351,0.39,900,680,0.7556,900,531,0.59,895,790,0.8826999999999999,900,678,0.7533
Gansu,2010.0,3.0,900,381,0.4233,900,195,0.2167,900,577,0.6411,900,359,0.39890000000000003,900,653,0.7256,900,461,0.5122,900,747,0.83,900,689,0.7656000000000001
Qinghai,2010.0,3.0,899,360,0.4004,899,189,0.2102,900,515,0.5722,900,251,0.2789,899,681,0.7575,900,410,0.4556,897,788,0.8785,872,598,0.6858
Anhui,2014.0,3.0,899,396,0.44049999999999995,900,262,0.29109999999999997,899,569,0.6329,899,482,0.5362,900,700,0.7778,900,620,0.6889,900,793,0.8811,900,708,0.7867000000000001
Guangxi,2014.0,3.0,838,251,0.2995,862,229,0.2657,869,336,0.38670000000000004,868,305,0.3514,876,437,0.4989,884,448,0.5068,852,419,0.4918,856,489,0.5713
Sichuan,2014.0,3.0,900,287,0.3189,900,176,0.1956,900,501,0.5567,900,375,0.4167,900,705,0.7833,900,571,0.6344,900,766,0.8511,900,653,0.7256
Guizhou,2014.0,3.0,899,311,0.34590000000000004,899,171,0.1902,900,442,0.4911,900,221,0.24559999999999998,900,602,0.6689,899,330,0.3671,900,662,0.7356,900,562,0.6244
Yunnan,2014.0,3.0,900,302,0.3356,900,329,0.36560000000000004,900,556,0.6178,900,513,0.57,900,703,0.7811,900,668,0.7422,900,807,0.8967,900,748,0.8311
Gansu,2014.0,3.0,899,424,0.47159999999999996,900,284,0.3156,900,658,0.7311,899,448,0.49829999999999997,900,749,0.8321999999999999,900,603,0.67,900,812,0.9022,900,744,0.8267
Qinghai,2014.0,3.0,900,310,0.3444,900,103,0.1144,900,488,0.5422,900,159,0.17670000000000002,900,628,0.6978,900,443,0.49219999999999997,900,731,0.8122,900,604,0.6711
Beijing,2019.0,3.0,980,303,0.30920000000000003,991,263 ,0.26539999999999997,979,629,0.6425,983,578 ,0.588,979,629,0.6425,983,578 ,0.588,778,699,0.8985,683,567 ,0.8301999999999999
Tianjin,2019.0,3.0,946,277,0.2928,968,287 ,0.2965,946,578,0.611,982,554 ,0.5642,946,578,0.611,982,554 ,0.5642,914,776,0.8490000000000001,832,735 ,0.8834000000000001
Liaoning,2019.0,3.0,869 ,236,0.2716,803 ,117 ,0.1457,853 ,468,0.5487,851 ,353,0.41479999999999995,853 ,468,0.5487,851 ,353,0.41479999999999995,797 ,690,0.8656999999999999,824 ,652,0.7913
Shanghai,2019.0,3.0,900 ,328,0.3644,900,252 ,0.28,870 ,586,0.6736,899,566,0.6296,870 ,586,0.6736,899,566,0.6296,886 ,777,0.877,919,819,0.8912
Jiangsu,2019.0,3.0,863 ,269,0.31170000000000003,896,231 ,0.25780000000000003,837 ,563,0.6726000000000001,898,588,0.6548,837 ,563,0.6726000000000001,898,588,0.6548,1048 ,858,0.8187000000000001,1018,809,0.7947
Zhejiang,2019.0,3.0,893 ,305,0.34149999999999997,807,248 ,0.3073,877 ,600,0.6842,934,645,0.6906,877 ,600,0.6842,934,645,0.6906,1050 ,965,0.919,1006,940,0.9344
Shandong,2019.0,3.0,943 ,366,0.3881,941,341 ,0.3624,938 ,671,0.7154,963,687,0.7134,938 ,671,0.7154,963,687,0.7134,1057 ,918,0.8684999999999999,1083,978,0.903
Guangdong,2019.0,3.0,978 ,233,0.2382,956,218 ,0.228,957 ,515,0.5381,949,412,0.4341,957 ,515,0.5381,949,412,0.4341,931 ,771,0.8281000000000001,946,738,0.7801
Inner Mongolia,2019.0,3.0,933,320,0.34299999999999997,951,255 ,0.2681,945,630,0.6667000000000001,974,522,0.5359,945,630,0.6667000000000001,974,522,0.5359,929,830,0.8934000000000001,879,709,0.8066
Jilin,2019.0,3.0,925 ,327,0.35350000000000004,721 ,201 ,0.2788,925 ,556,0.6011,644 ,262,0.4068,925 ,556,0.6011,644 ,262,0.4068,633 ,364,0.575,440 ,240,0.5455
Heilongjiang,2019.0,3.0,946 ,290,0.3066,583,188 ,0.3225,927 ,577,0.6224000000000001,603,317,0.5257000000000001,927 ,577,0.6224000000000001,603,317,0.5257000000000001,828 ,719,0.8684000000000001,530,414,0.7811
Fujian,2019.0,3.0,958 ,319,0.33299999999999996,946,249 ,0.2632,924 ,607,0.6568999999999999,930,434,0.4667,924 ,607,0.6568999999999999,930,434,0.4667,906 ,805,0.8885,903,762,0.8439
Hubei,2019.0,3.0,942 ,236,0.2505,978,248 ,0.2536,888 ,479,0.5394,810,462,0.5704,888 ,479,0.5394,810,462,0.5704,765 ,662,0.8654000000000001,788,636,0.8070999999999999
Chongqing,2019.0,3.0,718 ,214,0.2981,771,130 ,0.1686,790 ,449,0.5684,876,409,0.4669,790 ,449,0.5684,876,409,0.4669,785 ,634,0.8076000000000001,891,722,0.8103
Shaanxi,2019.0,3.0,1003 ,316,0.3151,979,185 ,0.18899999999999997,1000 ,637,0.637,987,501,0.5075999999999999,1000 ,637,0.637,987,501,0.5075999999999999,954 ,827,0.8669,977,793,0.8117
Hebei,2019.0,3.0,935,271,0.2898,882,292 ,0.3311,793,448,0.5649000000000001,830,512 ,0.6169,793,448,0.5649000000000001,830,512 ,0.6169,871,712,0.8175,874,735 ,0.841
Shanxi,2019.0,3.0,899,251,0.2792,904,190 ,0.2102,890,536,0.6022,905,432 ,0.47729999999999995,890,536,0.6022,905,432 ,0.47729999999999995,864,734,0.8495,891,753 ,0.8451000000000001
Jiangxi,2019.0,3.0,875 ,189,0.21600000000000003,882,111 ,0.1259,830 ,452,0.5446,894,371,0.415,830 ,452,0.5446,894,371,0.415,610 ,511,0.8377,910,741,0.8143
Henan,2019.0,3.0,625 ,212,0.3392,956,320 ,0.3347,614 ,362,0.5896,959,538,0.561,614 ,362,0.5896,959,538,0.561,870 ,714,0.8207,768,684,0.8906000000000001
Hunan,2019.0,3.0,945 ,221,0.2339,915,203 ,0.22190000000000001,946 ,435,0.4598,892,417,0.4675,946 ,435,0.4598,892,417,0.4675,927 ,724,0.7809999999999999,902,753,0.8348
Hainan,2019.0,3.0,905 ,222,0.24530000000000002,922,230 ,0.2495,907 ,448,0.4939,901,427,0.4739,907 ,448,0.4939,901,427,0.4739,875 ,655,0.7486,852,613,0.7195
Ningxia,2019.0,3.0,859 ,277,0.3225,720,220 ,0.3056,830 ,546,0.6578,697,365,0.5236999999999999,830 ,546,0.6578,697,365,0.5236999999999999,668 ,536,0.8024,518,439,0.8475
Xinjiang,2019.0,3.0,886 ,223,0.25170000000000003,812,146 ,0.17980000000000002,892 ,458,0.5135000000000001,899,315,0.3504,892 ,458,0.5135000000000001,899,315,0.3504,926 ,787,0.8499,777,654,0.8417
Anhui,2019.0,3.0,966 ,287,0.29710000000000003,953,190 ,0.19940000000000002,940 ,606,0.6446999999999999,951,473,0.4974,940 ,606,0.6446999999999999,951,473,0.4974,927 ,825,0.89,964,781,0.8101999999999999
Guangxi,2019.0,3.0,896 ,230,0.25670000000000004,839,171 ,0.20379999999999998,890 ,522,0.5865,891,353,0.3962,890 ,522,0.5865,891,353,0.3962,760 ,626,0.8237000000000001,897,757,0.8439
Sichuan,2019.0,3.0,924 ,270,0.2922,976,225 ,0.2305,988 ,628,0.6356,918,507,0.5523,988 ,628,0.6356,918,507,0.5523,855 ,744,0.8702,859,735,0.8556
Guizhou,2019.0,3.0,896 ,201,0.2243,851,173 ,0.20329999999999998,896 ,433,0.4833,898,336,0.37420000000000003,896 ,433,0.4833,898,336,0.37420000000000003,899 ,658,0.7319,889,673,0.757
Yunnan,2019.0,3.0,995 ,267,0.2683,1005,227 ,0.2259,1008 ,631,0.626,1004,565,0.5627,1008 ,631,0.626,1004,565,0.5627,999 ,915,0.9159,990,798,0.8061
Gansu,2019.0,3.0,678 ,221,0.326,922,190 ,0.2061,897 ,545,0.6076,883,449,0.5085000000000001,897 ,545,0.6076,883,449,0.5085000000000001,875 ,809,0.9246,900,740,0.8222
Qinghai,,,914 ,264,0.2888,618,124 ,0.2006,915 ,532,0.5814,597,221,0.37020000000000003,915 ,532,0.5814,597,221,0.37020000000000003,471 ,412,0.8747,615,457,0.7431
