,year,province,myopia_rate_urban,myopia_rate_rural
0,1998,Anhui,0.4970497147423492,0.2712569801636972
1,1998,Beijing,0.5060714135467234,0.293953668949226
2,1998,Chongqing,0.43807379299793336,0.24525705166213174
3,1998,Fujian,0.5016180253422964,0.29498935362066053
4,1998,Gansu,0.4617910225903536,0.3262453313592634
5,1998,Guangdong,0.43091470412930377,0.2771032257230187
6,1998,Guangxi,0.39127848930140424,0.27785843856341624
7,1998,Guizhou,0.40138473954478926,0.2857847811404155
8,1998,Hainan,0.3830346236471326,0.2753165560151322
9,1998,Hebei,0.48601898625273715,0.32634836773606307
10,1998,Heilongjiang,0.4076875729335073,0.274690945395104
11,1998,Henan,0.45900210611285125,0.35116577939018073
12,1998,Hubei,0.47813853451720256,0.3420983763105711
13,1998,Hunan,0.4577751138638612,0.33966225980910886
14,1998,Inner Mongolia,0.4489355447472278,0.31597375363382435
15,1998,Jiangsu,0.515951444277636,0.3819262772192123
16,1998,Jiangxi,0.46677787060869613,0.341255320101872
17,1998,Jilin,0.38783136609406355,0.2755995905241707
18,1998,Liaoning,0.41418384515804724,0.26998707123898497
19,1998,Ningxia,0.4462200519706693,0.3400580765735977
20,1998,Qinghai,0.4301107474262429,0.32669390538817034
21,1998,Shaanxi,0.4590335711113849,0.3417559661333576
22,1998,Shandong,0.473029347096287,0.32403989197340144
23,1998,Shanghai,0.5490490598091092,0.40420293507581206
24,1998,Shanxi,0.4443881734756774,0.3093672894503009
25,1998,Sichuan,0.45604980206834733,0.3107596953564688
26,1998,Tianjin,0.4932302880585809,0.31120327157331695
27,1998,Tibet,0.4569524447083638,0.3481125074459862
28,1998,Xinjiang,0.447231718557254,0.3425277841299434
29,1998,Yunnan,0.42582742679461844,0.29758164929392666
30,1998,Zhejiang,0.5289439912669212,0.38370031995614085
31,1999,Anhui,0.4945451890928728,0.36094370193395264
32,1999,Beijing,0.5118271276987921,0.3227073729199481
33,1999,Chongqing,0.45665022769877134,0.28599851823705524
34,1999,Fujian,0.5099779481851056,0.34619809789910644
35,1999,Gansu,0.47409206340723437,0.31544759505412634
36,1999,Guangdong,0.458247136810432,0.27576523063659564
37,1999,Guangxi,0.42811967416556684,0.2806154006087219
38,1999,Guizhou,0.4180886656504358,0.27880994688188204
39,1999,Hainan,0.41431564520356884,0.275408685368891
40,1999,Hebei,0.48601898625273715,0.32634836773606307
41,1999,Heilongjiang,0.4101181398632738,0.2813007248511936
42,1999,Henan,0.4561260325022536,0.33840997953788243
43,1999,Hubei,0.47858277659786963,0.3442220711678422
44,1999,Hunan,0.467695483935997,0.33350509742986306
45,1999,Inner Mongolia,0.45122901996708253,0.3187710337590238
46,1999,Jiangsu,0.5149709426983824,0.38079927879284675
47,1999,Jiangxi,0.4714919236491721,0.3341004277581471
48,1999,Jilin,0.40148560963625196,0.2804009758102664
49,1999,Liaoning,0.42255671373980624,0.2790013144098081
50,1999,Ningxia,0.4532363136706268,0.3298989324184089
51,1999,Qinghai,0.44045547347158037,0.3227798220787183
52,1999,Shaanxi,0.46550224931749207,0.33333183274340533
53,1999,Shandong,0.47302934709628713,0.32403989197340144
54,1999,Shanghai,0.54807904124445,0.40320557683346325
55,1999,Shanxi,0.44432560991902337,0.3102368045075958
56,1999,Sichuan,0.46569130934709907,0.298021683787817
57,1999,Tianjin,0.49323028805858093,0.311203271573317
58,1999,Tibet,0.453869762697901,0.3386365952040874
59,1999,Xinjiang,0.4538856444502087,0.33591618463736933
60,1999,Yunnan,0.44098534256350724,0.2906818356574913
61,1999,Zhejiang,0.5280409673218743,0.3826853640652637
62,2000,Anhui,0.48709590185544543,0.3751256794032221
63,2000,Beijing,0.5147966346534929,0.2666306549816562
64,2000,Chongqing,0.4459766630555011,0.32809615218399507
65,2000,Fujian,0.5444217128395248,0.4314409994857088
66,2000,Gansu,0.5048039166980427,0.38473594603961064
67,2000,Guangdong,0.4485120281103222,0.3101478460790792
68,2000,Guangxi,0.39139764483562717,0.2779505454516451
69,2000,Guizhou,0.3327511791232164,0.23559054300550802
70,2000,Hainan,0.3251515019192419,0.22974389784109253
71,2000,Hebei,0.4783081360918482,0.3572306804412773
72,2000,Heilongjiang,0.3682066641192142,0.27115259676995374
73,2000,Henan,0.4484504434969748,0.3492867742223639
74,2000,Hubei,0.47341355108927546,0.3585911949820129
75,2000,Hunan,0.43909938379529034,0.32852315787637376
76,2000,Inner Mongolia,0.40327907878347763,0.3085594235608366
77,2000,Jiangsu,0.5374419428508287,0.42341074334408974
78,2000,Jiangxi,0.45826157324101907,0.35543077205919155
79,2000,Jilin,0.35659149359791864,0.25734298154992924
80,2000,Liaoning,0.3955260595862509,0.2781233736642561
81,2000,Ningxia,0.392698629118996,0.296104633564514
82,2000,Qinghai,0.41362780562268886,0.31260160369680984
83,2000,Shaanxi,0.44914032540206555,0.33855332601545773
84,2000,Shandong,0.5326376439428663,0.423979381895273
85,2000,Shanghai,0.5331913993597522,0.4111559789690757
86,2000,Shanxi,0.4387771671639617,0.33686294162478436
87,2000,Sichuan,0.5075687073422672,0.3914901252150587
88,2000,Tianjin,0.43516770146954065,0.2997943112956895
89,2000,Tibet,0.40815013320224114,0.3097697834911802
90,2000,Xinjiang,0.4535242508022625,0.3515585337995041
91,2000,Yunnan,0.5013049039106405,0.38488502378093203
92,2000,Zhejiang,0.5569740930927832,0.4305210452437911
93,2001,Anhui,0.49339818269294666,0.3603447312182048
94,2001,Beijing,0.50817827353862,0.3061192514197764
95,2001,Chongqing,0.44788134566300064,0.27105396132736326
96,2001,Fujian,0.5031401283179783,0.35519836798732324
97,2001,Gansu,0.4651272057315262,0.3178728323663538
98,2001,Guangdong,0.44330020914708457,0.24405626838648178
99,2001,Guangxi,0.42982827397491835,0.2368963161787562
100,2001,Guizhou,0.42019369632841796,0.25009837583339106
101,2001,Hainan,0.41568819560732095,0.23261975685548417
102,2001,Hebei,0.48601898625273715,0.3019422842028634
103,2001,Heilongjiang,0.4134418959016019,0.26562734800374094
104,2001,Henan,0.4547844943949052,0.3065895051258455
105,2001,Hubei,0.47980183744376986,0.3441442346752101
106,2001,Hunan,0.46828882517750586,0.3301170111480201
107,2001,Inner Mongolia,0.4527302490590419,0.2967086916845623
108,2001,Jiangsu,0.5142003519554484,0.3803582913206682
109,2001,Jiangxi,0.4708851307476353,0.33281251462353945
110,2001,Jilin,0.40868480906093907,0.264438786278527
111,2001,Liaoning,0.42744205949437386,0.2802133281325361
112,2001,Ningxia,0.4530000640599792,0.3242130604565635
113,2001,Qinghai,0.4412341257692098,0.3189609295021124
114,2001,Shaanxi,0.4653599443488789,0.32901782452090633
115,2001,Shandong,0.47302934709628713,0.2999331653374208
116,2001,Shanghai,0.547293363724314,0.4029865107247747
117,2001,Shanxi,0.4446133468802233,0.286771084464656
118,2001,Sichuan,0.4645121920948799,0.27621981699610093
119,2001,Tianjin,0.49323028805858093,0.28771091752818895
120,2001,Tibet,0.4551433023251332,0.3275863819784023
121,2001,Xinjiang,0.45261425194490196,0.32860675859718447
122,2001,Yunnan,0.45218172669470624,0.2812829200106007
123,2001,Zhejiang,0.5132199088552889,0.3736346420672476
124,2002,Anhui,0.5072135952179373,0.3861720087759182
125,2002,Beijing,0.5272177574029013,0.3385078773850235
126,2002,Chongqing,0.47657159301391555,0.2375808940030254
127,2002,Fujian,0.5414910670473078,0.28639125134558885
128,2002,Gansu,0.5193168601553013,0.2601572770109975
129,2002,Guangdong,0.5168102141889908,0.24566371433492903
130,2002,Guangxi,0.5121470576778226,0.24980293360542558
131,2002,Guizhou,0.49421763085233383,0.27275741697198513
132,2002,Hainan,0.4292912465555875,0.2484008259103637
133,2002,Hebei,0.5065870060741807,0.33409745259986634
134,2002,Heilongjiang,0.4342970467254435,0.2980261086520495
135,2002,Henan,0.4786122626998904,0.33479779281810895
136,2002,Hubei,0.4862759286179792,0.36186735802357
137,2002,Hunan,0.4815372708818607,0.34774515624628427
138,2002,Inner Mongolia,0.4765842996494329,0.33044539822355784
139,2002,Jiangsu,0.5267648473145713,0.4058104229108317
140,2002,Jiangxi,0.4783928121161331,0.3510206454723398
141,2002,Jilin,0.42746008042654754,0.2895558577078669
142,2002,Liaoning,0.4599649285316367,0.3191887425774198
143,2002,Ningxia,0.48794561492426747,0.36045728823251266
144,2002,Qinghai,0.46350129167282506,0.34013475642716573
145,2002,Shaanxi,0.49619251631655936,0.36170628962680973
146,2002,Shandong,0.49486751874109924,0.3332155216546277
147,2002,Shanghai,0.5592359714857971,0.4265962014397711
148,2002,Shanxi,0.46425041434128717,0.31467569049748434
149,2002,Sichuan,0.492515439745583,0.30776527445936747
150,2002,Tianjin,0.5132030597966808,0.3199518608275512
151,2002,Tibet,0.47825807308896157,0.3461420893654686
152,2002,Xinjiang,0.46836025511454643,0.34230240750272983
153,2002,Yunnan,0.46210837987560643,0.28285367882000517
154,2002,Zhejiang,0.5393227417550938,0.4067901058808541
155,2003,Anhui,0.5021447226087816,0.3919096897142328
156,2003,Beijing,0.5267127689313295,0.3406123216650464
157,2003,Chongqing,0.4756525462358044,0.2976592605967568
158,2003,Fujian,0.5074477039359424,0.3696898159123909
159,2003,Gansu,0.5045311783242153,0.35124321973501554
160,2003,Guangdong,0.4570562327013554,0.2476701830598439
161,2003,Guangxi,0.43920757887440814,0.025803066223247136
162,2003,Guizhou,0.4348047186062078,0.02427399364233453
163,2003,Hainan,0.425192019062743,0.02491417772475339
164,2003,Hebei,0.5059782748712569,0.02646728584119269
165,2003,Heilongjiang,0.4363675713318154,0.026311093402460604
166,2003,Henan,0.48371690935417666,0.33666270076551763
167,2003,Hubei,0.4829559315103698,0.3665644781559828
168,2003,Hunan,0.47797011991011756,0.3372321213634747
169,2003,Inner Mongolia,0.47568340007519616,0.3323998368702694
170,2003,Jiangsu,0.5216932854467898,0.4120202314315195
171,2003,Jiangxi,0.4714106282660718,0.34275522198051805
172,2003,Jilin,0.43400447373590134,0.2935617440467081
173,2003,Liaoning,0.4615061225449705,0.32352195001297757
174,2003,Ningxia,0.48737705539314996,0.3525147079866562
175,2003,Qinghai,0.46378296607723163,0.3328622293831833
176,2003,Shaanxi,0.4960852652749154,0.3535976253240044
177,2003,Shandong,0.49429401816789453,0.3356176211829263
178,2003,Shanghai,0.554651533078191,0.43239866148890443
179,2003,Shanxi,0.4632458886719687,0.26403506811580085
180,2003,Sichuan,0.4846506966443419,0.2488850567147404
181,2003,Tianjin,0.5126029791399668,0.2707883034885077
182,2003,Tibet,0.48355213057131513,0.28698032561264253
183,2003,Xinjiang,0.47872656769199484,0.2987904191009084
184,2003,Yunnan,0.47925919697241454,0.3056645852982497
185,2003,Zhejiang,0.5325150964437583,0.41218584415264764
186,2004,Anhui,0.5015368381528855,0.3916263463121327
187,2004,Beijing,0.531203567196967,0.3402739654100424
188,2004,Chongqing,0.4847694534152996,0.26328269826012707
189,2004,Fujian,0.5064744407085262,0.3333751167924137
190,2004,Gansu,0.51138137828771,0.2995583940299654
191,2004,Guangdong,0.46707142491305137,0.24468782079464443
192,2004,Guangxi,0.4538391076390674,0.24337290178457235
193,2004,Guizhou,0.44360626638460143,0.2620913875916636
194,2004,Hainan,0.4394995566257072,0.24101980967714742
195,2004,Hebei,0.5108029756646391,0.3358204651960356
196,2004,Heilongjiang,0.44948227948996916,0.3134572698736159
197,2004,Henan,0.4870988453470336,0.3291089093859324
198,2004,Hubei,0.4871091144366704,0.36763913378832574
199,2004,Hunan,0.48268679694554806,0.3394247403432152
200,2004,Inner Mongolia,0.4835253060233749,0.33488489365298574
201,2004,Jiangsu,0.5215215100079122,0.4122491117900007
202,2004,Jiangxi,0.4729585279194889,0.342698809781906
203,2004,Jilin,0.45162192182009037,0.30087035640156096
204,2004,Liaoning,0.47525974118453945,0.3334524830399075
205,2004,Ningxia,0.4970799540922656,0.3576559789959304
206,2004,Qinghai,0.4762556904880451,0.33958415339257003
207,2004,Shaanxi,0.505927592433176,0.35803927245276157
208,2004,Shandong,0.49941889731721045,0.33567524447625585
209,2004,Shanghai,0.5543101028891699,0.4327179985539505
210,2004,Shanxi,0.46920924116061963,0.31673176891146704
211,2004,Sichuan,0.49089035498662764,0.2943354521946664
212,2004,Tianjin,0.5172917106079902,0.32206659345882244
213,2004,Tibet,0.4880090224324377,0.341155210837294
214,2004,Xinjiang,0.48806576480537817,0.35250815396302476
215,2004,Yunnan,0.4875130317458621,0.31160876553219685
216,2004,Zhejiang,0.5323164935431014,0.41301099601537516
217,2005,Anhui,0.4949031612537074,0.3812966940001507
218,2005,Beijing,0.5930930851508159,0.4784383284914945
219,2005,Chongqing,0.5657210225367686,0.4477925135684337
220,2005,Fujian,0.552785453507998,0.44609559373822627
221,2005,Gansu,0.6467964302425336,0.5383513259114204
222,2005,Guangdong,0.5359476153304439,0.3937259616299851
223,2005,Guangxi,0.49875018562686374,0.40036176669259
224,2005,Guizhou,0.3845390991865561,0.30038436917639544
225,2005,Hainan,0.43417557025566905,0.34154380003040546
226,2005,Hebei,0.5116827905628306,0.40421509995425464
227,2005,Heilongjiang,0.2386172212116347,0.16311135001805066
228,2005,Henan,0.5174053178461414,0.421417539533102
229,2005,Hubei,0.500544287319908,0.3901275491729746
230,2005,Hunan,0.5277212219610542,0.42663642779009503
231,2005,Inner Mongolia,0.5775903786410687,0.4937556402542724
232,2005,Jiangsu,0.6110460879333482,0.5040749576945353
233,2005,Jiangxi,0.4610363462677799,0.3780059635129167
234,2005,Jilin,0.5495526700163753,0.45106346072723286
235,2005,Liaoning,0.6084562146495348,0.5083356250677411
236,2005,Ningxia,0.5842731658520994,0.4930409736933915
237,2005,Qinghai,0.4253494603843961,0.28655778760320255
238,2005,Shaanxi,0.6088958414189363,0.5133658377173711
239,2005,Shandong,0.6562280464814715,0.5615884524817579
240,2005,Shanghai,0.5353353756453788,0.4258797989393838
241,2005,Shanxi,0.5639771749853824,0.47481413432130276
242,2005,Sichuan,0.6735154865307291,0.5702660852190682
243,2005,Tianjin,0.523364427135355,0.39500522926359455
244,2005,Tibet,0.49219359879209,0.3941550510849095
245,2005,Xinjiang,0.4561355254835645,0.36093873837007456
246,2005,Yunnan,0.5495320929084604,0.4459003525238815
247,2005,Zhejiang,0.647356874144128,0.530341930936065
248,2006,Anhui,0.42503372772629894,0.41512215473306224
249,2006,Beijing,0.4423116969698145,0.3562394013087359
250,2006,Chongqing,0.3705134630269822,0.12232833873642783
251,2006,Fujian,0.35144486366518707,0.1270978851729763
252,2006,Gansu,0.3980600789978943,0.13014501946777934
253,2006,Guangdong,0.40770284620626573,0.12976549139887017
254,2006,Guangxi,0.37842682233810077,0.11601153262933236
255,2006,Guizhou,0.46421119376426495,0.2768246952375789
256,2006,Hainan,0.454676104893488,0.23781330746213003
257,2006,Hebei,0.5139804004296795,0.32193604803850495
258,2006,Heilongjiang,0.48450783819186644,0.3096297656920732
259,2006,Henan,0.5181884301033987,0.30937803391870383
260,2006,Hubei,0.5284232454434283,0.39398209576830345
261,2006,Hunan,0.47386413742416816,0.3166307681036594
262,2006,Inner Mongolia,0.5090949485247658,0.3352487245535576
263,2006,Jiangsu,0.5552148422360041,0.4512039458323192
264,2006,Jiangxi,0.47633836341100244,0.3326306823945478
265,2006,Jilin,0.48365557221755023,0.3029973757643624
266,2006,Liaoning,0.5088356349362254,0.3609102154941089
267,2006,Ningxia,0.5208784948969535,0.387626431544565
268,2006,Qinghai,0.5071675510755772,0.3658941063374098
269,2006,Shaanxi,0.5487955570880438,0.3945634624804946
270,2006,Shandong,0.49617680976953044,0.31258296329832136
271,2006,Shanghai,0.5466320190952544,0.4702130706614973
272,2006,Shanxi,0.5203223405717703,0.33001038089124113
273,2006,Sichuan,0.5138405161645575,0.3226120759533028
274,2006,Tianjin,0.5409166104935605,0.33463722454684086
275,2006,Tibet,0.506168982497741,0.3599664041411499
276,2006,Xinjiang,0.5036650278270334,0.3756063140531293
277,2006,Yunnan,0.49944758718974325,0.32696510243650245
278,2006,Zhejiang,0.5391155504277405,0.43397711231245967
279,2007,Anhui,0.5678936481528137,0.45091739776583106
280,2007,Beijing,0.5585629342028279,0.4187410103510519
281,2007,Chongqing,0.5504802138798799,0.4031326760354618
282,2007,Fujian,0.5454581012819855,0.4599317064680873
283,2007,Gansu,0.5843806040570103,0.4950644343495205
284,2007,Guangdong,0.5044038096171293,0.40861782623475706
285,2007,Guangxi,0.469275173417453,0.37722364520011453
286,2007,Guizhou,0.49671595774576066,0.42290198314595595
287,2007,Hainan,0.4806190811973833,0.32754070894903653
288,2007,Hebei,0.5386887917304358,0.38102035045231974
289,2007,Heilongjiang,0.5241438998088653,0.38234367441225253
290,2007,Henan,0.5583781534848964,0.3780112282625283
291,2007,Hubei,0.5559181467834752,0.42658380319740274
292,2007,Hunan,0.5059154533511013,0.3589971315815746
293,2007,Inner Mongolia,0.5485544965771214,0.4084077836949431
294,2007,Jiangsu,0.583601719349295,0.48847719753380636
295,2007,Jiangxi,0.5086047264461688,0.37287861426805485
296,2007,Jilin,0.5195858730047624,0.3711825454552378
297,2007,Liaoning,0.536622818045665,0.4055032782320364
298,2007,Ningxia,0.5610717922266244,0.4391568443001701
299,2007,Qinghai,0.5384458745068571,0.4111306840349221
300,2007,Shaanxi,0.582344709940761,0.4395875718086039
301,2007,Shandong,0.5230169582328165,0.3715342010589183
302,2007,Shanghai,0.5750294854023835,0.504892290109725
303,2007,Shanxi,0.5540703723514042,0.39792113491391345
304,2007,Sichuan,0.5477547978197974,0.39596482522522897
305,2007,Tianjin,0.5639914776704176,0.3952999165952961
306,2007,Tibet,0.534509359426162,0.4068994342337269
307,2007,Xinjiang,0.5205907666041986,0.3990979330256111
308,2007,Yunnan,0.5094178992821174,0.3613865542432222
309,2007,Zhejiang,0.5732209722830189,0.4750546967112778
310,2008,Anhui,0.5511886357751218,0.46261783019460034
311,2008,Beijing,0.5639085919501381,0.4371438397932078
312,2008,Chongqing,0.5546207537971373,0.42836350260378236
313,2008,Fujian,0.5497807473115243,0.44395428777850726
314,2008,Gansu,0.5632373620975315,0.4730204893795868
315,2008,Guangdong,0.4933258275139408,0.36272762411526893
316,2008,Guangxi,0.4523315332953576,0.337029750333673
317,2008,Guizhou,0.48414634417309066,0.38803568885868855
318,2008,Hainan,0.4865643334455785,0.15436725596509063
319,2008,Hebei,0.5519843329383547,0.14526311146638538
320,2008,Heilongjiang,0.539661638729038,0.15348468846347818
321,2008,Henan,0.5691858821610105,0.16415262772150555
322,2008,Hubei,0.5671595542050528,0.15882296348644842
323,2008,Hunan,0.5149966789848446,0.370445909206859
324,2008,Inner Mongolia,0.5640567924194418,0.4266495100771203
325,2008,Jiangsu,0.5957242437047003,0.500686306493395
326,2008,Jiangxi,0.5222585508520052,0.38865035691622646
327,2008,Jilin,0.5310062931322419,0.3849967788858098
328,2008,Liaoning,0.5510186487246802,0.423510268465438
329,2008,Ningxia,0.5733242480279226,0.45686209190488974
330,2008,Qinghai,0.5502460147234816,0.43068610067555035
331,2008,Shaanxi,0.5942361954190304,0.4569693859782434
332,2008,Shandong,0.5369679827672793,0.38874930111914763
333,2008,Shanghai,0.5870835934813602,0.516601870613942
334,2008,Shanxi,0.5692529689674416,0.41474743473467024
335,2008,Sichuan,0.560680384058748,0.42572763488970716
336,2008,Tianjin,0.5771024467747319,0.41305548567748634
337,2008,Tibet,0.543222940516571,0.4222309919872372
338,2008,Xinjiang,0.5466358709896689,0.44108305513925433
339,2008,Yunnan,0.5426278556939635,0.4222090410226477
340,2008,Zhejiang,0.5853396939635392,0.48899688681944187
341,2009,Anhui,0.5798972817038032,0.4613945016662153
342,2009,Beijing,0.5779834261708071,0.43062617355973004
343,2009,Chongqing,0.5673719059517711,0.41702128993569254
344,2009,Fujian,0.5623912283042459,0.4389872476124452
345,2009,Gansu,0.5874761562819548,0.44508866478917913
346,2009,Guangdong,0.5078035032222838,0.350673674918815
347,2009,Guangxi,0.47958902152975147,0.3317541925098343
348,2009,Guizhou,0.5108697401183143,0.38368750329104967
349,2009,Hainan,0.4912167418528195,0.34771397799760906
350,2009,Hebei,0.5578743268548876,0.39065895477203616
351,2009,Heilongjiang,0.553839968180783,0.40186183285263855
352,2009,Henan,0.5790323289610259,0.3839019774814684
353,2009,Hubei,0.5755930918189073,0.437654157940194
354,2009,Hunan,0.5207152310241427,0.3646487468681445
355,2009,Inner Mongolia,0.5669257392352105,0.41824562323891884
356,2009,Jiangsu,0.6011195299921008,0.5000374457734666
357,2009,Jiangxi,0.5290511307928923,0.3871748904239479
358,2009,Jilin,0.5507783454187757,0.3900603546494905
359,2009,Liaoning,0.5516408924102502,0.4107160547863404
360,2009,Ningxia,0.5718808778461446,0.43394865338164923
361,2009,Qinghai,0.5571141767127121,0.4238359882299188
362,2009,Shaanxi,0.5941240487208531,0.4382251233484302
363,2009,Shandong,0.5425751143865214,0.38097829855151527
364,2009,Shanghai,0.5923384035757288,0.5165631170289748
365,2009,Shanxi,0.5759087218928595,0.4100205350022551
366,2009,Sichuan,0.5550640439579683,0.41042873674604213
367,2009,Tianjin,0.5835817956756452,0.4059342075167356
368,2009,Tibet,0.5536030499547102,0.42151402888706235
369,2009,Xinjiang,0.5454030921417025,0.41974124965991116
370,2009,Yunnan,0.5233340638347173,0.3859403724021277
371,2009,Zhejiang,0.5907118299738185,0.48643775879086143
372,2010,Anhui,0.6762391779976576,0.5778470565340312
373,2010,Beijing,0.6441561707937695,0.6010317343906727
374,2010,Chongqing,0.6315281555695975,0.5216915525895561
375,2010,Fujian,0.6952219245180452,0.6022985763539385
376,2010,Gansu,0.6725934465546485,0.5838834224096597
377,2010,Guangdong,0.6564306414683311,0.5629652194183411
378,2010,Guangxi,0.5820126757599298,0.48231468379440773
379,2010,Guizhou,0.5943637941516927,0.5074298996811637
380,2010,Hainan,0.38917300791921966,0.3041555596186322
381,2010,Hebei,0.5640268170534257,0.3787289907430976
382,2010,Heilongjiang,0.6143985987419694,0.5137845101813961
383,2010,Henan,0.6333023750098359,0.5267780182697214
384,2010,Hubei,0.6469349152471806,0.5449564153631838
385,2010,Hunan,0.5624075945093536,0.45509385006130315
386,2010,Inner Mongolia,0.7350636605753794,0.651047334939104
387,2010,Jiangsu,0.6501961635624802,0.5552417735167147
388,2010,Jiangxi,0.5958594647745831,0.49526290662767947
389,2010,Jilin,0.6272291252610095,0.5297997124312421
390,2010,Liaoning,0.6576476459970347,0.5545044260193023
391,2010,Ningxia,0.6292146816406647,0.5406216055040947
392,2010,Qinghai,0.6606276494788295,0.5680637327496487
393,2010,Shaanxi,0.6711001725111266,0.5855972372721143
394,2010,Shandong,0.7235693234313605,0.6266346618436595
395,2010,Shanghai,0.6241367681218339,0.6243229821176308
396,2010,Shanxi,0.7481424959266386,0.6626378297964816
397,2010,Sichuan,0.6771140389114727,0.5757083927041023
398,2010,Tianjin,0.523503963158192,0.4090431733229646
399,2010,Tibet,0.4897489212295752,0.3959018235186699
400,2010,Xinjiang,0.5192855280070382,0.4310197071346641
401,2010,Yunnan,0.6267813723864775,0.518009688837308
402,2010,Zhejiang,0.7107816492069434,0.615146257113241
403,2011,Anhui,0.6565224018105447,0.514713942812806
404,2011,Beijing,0.6691659104936974,0.5480872537759954
405,2011,Chongqing,0.6598575509619874,0.49598934583744714
406,2011,Fujian,0.660761437116788,0.5192596633233781
407,2011,Gansu,0.6291025053899104,0.5088079805778501
408,2011,Guangdong,0.5603556116984544,0.4360956548599013
409,2011,Guangxi,0.4747538043858519,0.39955329988097776
410,2011,Guizhou,0.5005192308101596,0.45157849738750394
411,2011,Hainan,0.4863510248763048,0.39240421950553317
412,2011,Hebei,0.5869362200165283,0.4440352175585215
413,2011,Heilongjiang,0.5964741412049528,0.4639680565982369
414,2011,Henan,0.5987143440516437,0.4290240190332548
415,2011,Hubei,0.6025051736647733,0.4994195784185011
416,2011,Hunan,0.5551209764781584,0.4404427597525665
417,2011,Inner Mongolia,0.5981046453994803,0.47854923375897207
418,2011,Jiangsu,0.6331955266808351,0.5453498664097055
419,2011,Jiangxi,0.5611580401845123,0.4603010395124089
420,2011,Jilin,0.5862568104643563,0.45547135981088704
421,2011,Liaoning,0.590134970302181,0.4752526836904232
422,2011,Ningxia,0.6125297950375322,0.492636961351412
423,2011,Qinghai,0.5977539884305966,0.48680860926619246
424,2011,Shaanxi,0.6357649714705519,0.5029930761867103
425,2011,Shandong,0.572772095397542,0.43511027511224826
426,2011,Shanghai,0.62446666358107,0.56003707029614
427,2011,Shanxi,0.5996240949558749,0.45595509124329453
428,2011,Sichuan,0.6005605801789743,0.47966915271395355
429,2011,Tianjin,0.6120134860509765,0.4606924881620083
430,2011,Tibet,0.5794916110414511,0.4697454628711638
431,2011,Xinjiang,0.5674568019285692,0.46994675838294
432,2011,Yunnan,0.5471038851994001,0.4332887976614053
433,2011,Zhejiang,0.6232782865241323,0.5328904449078539
434,2012,Anhui,0.5434709885284231,0.4299790960567325
435,2012,Beijing,0.5611854725000045,0.46392526628560576
436,2012,Chongqing,0.54326486043987,0.4133359212952094
437,2012,Fujian,0.5331063953448003,0.42938151079550957
438,2012,Gansu,0.5550225052212462,0.41032663064019786
439,2012,Guangdong,0.5384675215481713,0.38322309554214795
440,2012,Guangxi,0.5083037976790472,0.3375927002844396
441,2012,Guizhou,0.5420156823827034,0.43790648948703587
442,2012,Hainan,0.5192261333896883,0.4135892098493356
443,2012,Hebei,0.5928171086228978,0.4693516680234997
444,2012,Heilongjiang,0.6073347879851221,0.49376581709379036
445,2012,Henan,0.6013449757122342,0.4643783513369411
446,2012,Hubei,0.6113230372420834,0.525553006383011
447,2012,Hunan,0.564626797973686,0.46623076204292163
448,2012,Inner Mongolia,0.604209043520255,0.5034483552936405
449,2012,Jiangsu,0.6400433271346586,0.5531661245161703
450,2012,Jiangxi,0.578255858229173,0.4847609366518562
451,2012,Jilin,0.6058586923715782,0.48583314192916643
452,2012,Liaoning,0.6087098316362235,0.4906765074898518
453,2012,Ningxia,0.6030088604980707,0.4476142730036511
454,2012,Qinghai,0.6447606419448073,0.4321878319674568
455,2012,Shaanxi,0.7191157209192296,0.4786423081520223
456,2012,Shandong,0.6809286578865646,0.4390109183786854
457,2012,Shanghai,0.6718583201084911,0.5229037366867832
458,2012,Shanxi,0.6732229370187348,0.5127138705070875
459,2012,Sichuan,0.6194527451531026,0.46442679972544465
460,2012,Tianjin,0.6184271963197918,0.48712824232603985
461,2012,Tibet,0.5833689419216836,0.4776227211964075
462,2012,Xinjiang,0.6243412995556592,0.4898301173727367
463,2012,Yunnan,0.6240242690959233,0.4641262368304906
464,2012,Zhejiang,0.647206582045326,0.529737878310319
465,2013,Anhui,0.6290520442409476,0.543308247523918
466,2013,Beijing,0.6289828656355338,0.5419753322907465
467,2013,Chongqing,0.6282866400446423,0.5063969411848401
468,2013,Fujian,0.6097158868341914,0.5286787271797466
469,2013,Gansu,0.6537399762228134,0.5382790349047525
470,2013,Guangdong,0.5455809673962132,0.4533502195949575
471,2013,Guangxi,0.47143839989325476,0.4110898378120062
472,2013,Guizhou,0.504013819523141,0.45598212393165466
473,2013,Hainan,0.48429489444800705,0.4307456777274198
474,2013,Hebei,0.5472286411457589,0.49420218648087194
475,2013,Heilongjiang,0.5541907925402121,0.5206859594701881
476,2013,Henan,0.6146969019336725,0.48296989240319016
477,2013,Hubei,0.6259507773577594,0.6702644081455456
478,2013,Hunan,0.5745596493671278,0.6294386236844255
479,2013,Inner Mongolia,0.6232405117199492,0.6615578877855636
480,2013,Jiangsu,0.6547585239168854,0.6616395657631116
481,2013,Jiangxi,0.5857726375174219,0.6349753460487635
482,2013,Jilin,0.611734807089052,0.507797125907244
483,2013,Liaoning,0.6190832874322275,0.5171184752057982
484,2013,Ningxia,0.6332049232353248,0.5200142430434525
485,2013,Qinghai,0.6198275353288353,0.5071177730780698
486,2013,Shaanxi,0.6196757683354365,0.5469101294506099
487,2013,Shandong,0.5888947178859965,0.4846758229470718
488,2013,Shanghai,0.607196020422765,0.5762367018050579
489,2013,Shanxi,0.615102171524661,0.521086586429914
490,2013,Sichuan,0.6156687817217611,0.5112598052047903
491,2013,Tianjin,0.5000959746962478,0.5132624866172325
492,2013,Tibet,0.44131414813918923,0.4847107202808512
493,2013,Xinjiang,0.43497624745312774,0.48392162189784005
494,2013,Yunnan,0.43810630795470545,0.45894476580795635
495,2013,Zhejiang,0.4814183923726314,0.5482805019410325
496,2014,Anhui,0.7087925040450909,0.6145533550800923
497,2014,Beijing,0.7129133061913943,0.6840759573440082
498,2014,Chongqing,0.6625601445162508,0.557553634720367
499,2014,Fujian,0.6237439881293962,0.5360597316865671
500,2014,Gansu,0.775376698936517,0.6890742945587814
501,2014,Guangdong,0.6864042743447677,0.4853241314585063
502,2014,Guangxi,0.4206163111289167,0.3377633753695294
503,2014,Guizhou,0.5696275848135317,0.4814647573506144
504,2014,Hainan,0.4429290441162699,0.35662320139610515
505,2014,Hebei,0.44852249848232534,0.3543390068863623
506,2014,Heilongjiang,0.6751400949720244,0.5753490815846877
507,2014,Henan,0.5952164622436658,0.5422188256948184
508,2014,Hubei,0.5000932646040069,0.41808881874259696
509,2014,Hunan,0.6008366938284794,0.4892026470347548
510,2014,Inner Mongolia,0.7430801269274162,0.6609593295693499
511,2014,Jiangsu,0.7852113009938717,0.6927233414169017
512,2014,Jiangxi,0.6001568930634912,0.5077909013244064
513,2014,Jilin,0.6703695043221147,0.5755192927535844
514,2014,Liaoning,0.6229591695759756,0.5258248798112566
515,2014,Ningxia,0.6903823765489053,0.6059508246567529
516,2014,Qinghai,0.6168717021104145,0.527706382691347
517,2014,Shaanxi,0.6979933847603937,0.6166101673230059
518,2014,Shandong,0.7159019185771497,0.6174832372590584
519,2014,Shanghai,0.7110232235654006,0.636462219317441
520,2014,Shanxi,0.6089351718510058,0.5287893184581698
521,2014,Sichuan,0.6652391392586193,0.5613893756565193
522,2014,Tianjin,0.7404689760792095,0.636813408717851
523,2014,Tibet,0.7152313437450382,0.6264062330209214
524,2014,Xinjiang,0.4034873804309865,0.3219412927870938
525,2014,Yunnan,0.683760978639263,0.43726002274172104
526,2014,Zhejiang,0.5923787983387004,0.49990999172662776
527,2015,Anhui,0.6036796035446925,0.5205054452235344
528,2015,Beijing,0.6397267943445855,0.5638548787218722
529,2015,Chongqing,0.6284594654399429,0.5078369041069675
530,2015,Fujian,0.5942004254643201,0.5187900631432254
531,2015,Gansu,0.6473675254233843,0.5343715577181042
532,2015,Guangdong,0.5395347887927319,0.4453339618301643
533,2015,Guangxi,0.5013566575231648,0.39053877981969987
534,2015,Guizhou,0.5391121353767219,0.4286651739276912
535,2015,Hainan,0.5138210044386726,0.4138127803074146
536,2015,Hebei,0.6198369471815274,0.5157147678173847
537,2015,Heilongjiang,0.6309641588881479,0.5340287727566302
538,2015,Henan,0.609255348754857,0.4887929510796119
539,2015,Hubei,0.620840761689253,0.5580943878624753
540,2015,Hunan,0.5696538907855027,0.4882596217549695
541,2015,Inner Mongolia,0.6091411027675748,0.5264304493995128
542,2015,Jiangsu,0.6368624816935385,0.5391854297896096
543,2015,Jiangxi,0.5786984337436722,0.5131992096489619
544,2015,Jilin,0.6426188040024589,0.5492466385293212
545,2015,Liaoning,0.6429070029749616,0.5504733347580096
546,2015,Ningxia,0.6162568855560058,0.5063217852096488
547,2015,Qinghai,0.577717508725386,0.510700238173987
548,2015,Shaanxi,0.6040226780374888,0.5549003261719277
549,2015,Shandong,0.5607864235218529,0.49762521226398443
550,2015,Shanghai,0.5890533764294429,0.5571882990577326
551,2015,Shanxi,0.5791749475589986,0.5353151618031725
552,2015,Sichuan,0.6205217077741253,0.5015786225956194
553,2015,Tianjin,0.6456025894246478,0.535680295488295
554,2015,Tibet,0.6146112785571979,0.48473067341802933
555,2015,Xinjiang,0.5950540499285238,0.45733334626233485
556,2015,Yunnan,0.5509705012725805,0.4275853132964209
557,2015,Zhejiang,0.626675859902798,0.48771621767505663
558,2016,Anhui,0.6630475070432783,0.5703718699442828
559,2016,Beijing,0.6339784057558631,0.5603264335590682
560,2016,Chongqing,0.6738413045611669,0.5988329647006687
561,2016,Fujian,0.645803232908483,0.5591499522546618
562,2016,Gansu,0.5993235558983091,0.4976106025215218
563,2016,Guangdong,0.4826131414640832,0.40554642440589844
564,2016,Guangxi,0.4810465098815984,0.38605912852140206
565,2016,Guizhou,0.5171885381133811,0.41087448448190916
566,2016,Hainan,0.4750035942499612,0.3994553831875569
567,2016,Hebei,0.588271864394968,0.5023813502198423
568,2016,Heilongjiang,0.6156975673011563,0.5555212978471202
569,2016,Henan,0.5800621490271293,0.4768830251156324
570,2016,Hubei,0.5633894186297692,0.48999824902290867
571,2016,Hunan,0.5438378605084611,0.47447849855772833
572,2016,Inner Mongolia,0.5746603506090645,0.5117844271110803
573,2016,Jiangsu,0.5806930037772959,0.5003885151001973
574,2016,Jiangxi,0.567486054832354,0.5038972123551206
575,2016,Jilin,0.6131235207084301,0.5538674812031494
576,2016,Liaoning,0.6111876080279073,0.5551723861620738
577,2016,Ningxia,0.5907423923552539,0.4962038625592818
578,2016,Qinghai,0.5780168291367067,0.47533511697982955
579,2016,Shaanxi,0.5619126638592447,0.46988490488770884
580,2016,Shandong,0.5656678861491262,0.4962377122117279
581,2016,Shanghai,0.6716442173586781,0.5262969118720955
582,2016,Shanxi,0.7086978147345975,0.4688505595153134
583,2016,Sichuan,0.680578417220674,0.4735845456374045
584,2016,Tianjin,0.6768314213813583,0.5197944713218458
585,2016,Tibet,0.685776431407231,0.34493385806602617
586,2016,Xinjiang,0.6770236614812657,0.31219939849330014
587,2016,Yunnan,0.5649428704535997,0.3395280384283692
588,2016,Zhejiang,0.596023319393548,0.37671415134650227
589,2017,Anhui,0.5828822855270043,0.48090777782031513
590,2017,Beijing,0.5740755586252897,0.5090082629856932
591,2017,Chongqing,0.5862136009375579,0.5058085996301043
592,2017,Fujian,0.5518833876923984,0.46091230771590197
593,2017,Gansu,0.579993141909055,0.48751477180672365
594,2017,Guangdong,0.50105599595348,0.41463166336014784
595,2017,Guangxi,0.505432150824501,0.4060578374841972
596,2017,Guizhou,0.5324983020392053,0.42009574538013744
597,2017,Hainan,0.4996050130019133,0.4190243061644311
598,2017,Hebei,0.5591269731086981,0.5085881326983637
599,2017,Heilongjiang,0.5700910073614517,0.5431555345171815
600,2017,Henan,0.5484143366862334,0.47761954127672424
601,2017,Hubei,0.535526163689779,0.4588199862410802
602,2017,Hunan,0.5292153023560556,0.4522334226255989
603,2017,Inner Mongolia,0.5193233595258829,0.5013473152542776
604,2017,Jiangsu,0.5295681105693847,0.49501444595039357
605,2017,Jiangxi,0.5298319272868914,0.48903179874089747
606,2017,Jilin,0.5523192377267566,0.554149873156506
607,2017,Liaoning,0.6084793611532873,0.5488204252212118
608,2017,Ningxia,0.5753038391618003,0.48823170196941235
609,2017,Qinghai,0.5768496336033528,0.46862023203308395
610,2017,Shaanxi,0.5079657465580242,0.4083198369434587
611,2017,Shandong,0.5185390000580893,0.43367921273366516
612,2017,Shanghai,0.5176198190119712,0.5001983903712424
613,2017,Shanxi,0.5177494294167329,0.43100737680437395
614,2017,Sichuan,0.5294513933710443,0.4312858939954958
615,2017,Tianjin,0.6012763785611203,0.5259258541462856
616,2017,Tibet,0.5893048034441435,0.32784074013181963
617,2017,Xinjiang,0.5573443476956086,0.283862994042555
618,2017,Yunnan,0.5519822390402181,0.32708202107737394
619,2017,Zhejiang,0.6039482722375261,0.36464092940938975
620,2018,Anhui,0.5101707406072841,0.41800193973419697
621,2018,Beijing,0.48145200749571737,0.4079285121420728
622,2018,Chongqing,0.5207681376611532,0.44674678261407014
623,2018,Fujian,0.4932044051067839,0.40666976189213705
624,2018,Gansu,0.4337065405024755,0.3366069898045777
625,2018,Guangdong,0.4264141845423153,0.33646357733178905
626,2018,Guangxi,0.436528465534649,0.33026562613901617
627,2018,Guizhou,0.4564723607877528,0.35270085504233706
628,2018,Hainan,0.5021536649526388,0.42510102775124314
629,2018,Hebei,0.5989983149018502,0.5043245199713968
630,2018,Heilongjiang,0.5904221850866118,0.5161435306715857
631,2018,Henan,0.5732703863912088,0.45939128600109747
632,2018,Hubei,0.5579241795131143,0.4506948316836155
633,2018,Hunan,0.5508756598548995,0.4580761259397208
634,2018,Inner Mongolia,0.5580440949885442,0.4824157532870109
635,2018,Jiangsu,0.5864271157890116,0.47991488832294854
636,2018,Jiangxi,0.7097512924882937,0.6111505416766272
637,2018,Jilin,0.7086347834420191,0.6476118076844238
638,2018,Liaoning,0.696780055018471,0.6418649253927364
639,2018,Ningxia,0.4537335239441962,0.3515366405725666
640,2018,Qinghai,0.45603561317553243,0.34354753446473135
641,2018,Shaanxi,0.6284017606934902,0.5346113060067363
642,2018,Shandong,0.6352732230804204,0.5595591672642156
643,2018,Shanghai,0.6097633931424491,0.5907315011170415
644,2018,Shanxi,0.6408641599143018,0.570987936312025
645,2018,Sichuan,0.7970502513679774,0.7322563847678702
646,2018,Tianjin,0.8004241857446243,0.7348186256927444
647,2018,Tibet,0.8001474217001547,0.7276379473227728
648,2018,Xinjiang,0.46493034630412255,0.32840913595956206
649,2018,Yunnan,0.45856978071122917,0.3165153709879063
650,2018,Zhejiang,0.44867714538705283,0.3370380951580243
651,2019,Anhui,0.6110409372427668,0.5216049435271853
652,2019,Beijing,0.5809496798209332,0.5228747763668914
653,2019,Chongqing,0.5543929087051521,0.4646693735557162
654,2019,Fujian,0.6069560928569043,0.5285676966058258
655,2019,Gansu,0.5938118719893708,0.5200958227060896
656,2019,Guangdong,0.5087840290388996,0.43076421250589286
657,2019,Guangxi,0.5431546971715753,0.46066492873863096
658,2019,Guizhou,0.49828760459209775,0.3911179553509159
659,2019,Hainan,0.4933484457991246,0.40984301635818604
660,2019,Hebei,0.5749786717532919,0.46952074846668285
661,2019,Heilongjiang,0.6214684581203774,0.5566852237876686
662,2019,Henan,0.5956238589751729,0.4839488765330617
663,2019,Hubei,0.5436159168613256,0.4159120332450314
664,2019,Hunan,0.49837087445867045,0.3838946838649543
665,2019,Inner Mongolia,0.6216067321313532,0.561417150469441
666,2019,Jiangsu,0.5994670628227464,0.5289219563506063
667,2019,Jiangxi,0.5449927506840732,0.4419465525331334
668,2019,Jilin,0.6146444442054942,0.4813074179319536
669,2019,Liaoning,0.5595936917411767,0.4929344792466895
670,2019,Ningxia,0.6199046332496528,0.5325443039813014
671,2019,Qinghai,0.6182394452381688,0.5260467563545439
672,2019,Shaanxi,0.5969575100357492,0.51454342029462
673,2019,Shandong,0.6570863080312678,0.5913033855449891
674,2019,Shanghai,0.6273506714972796,0.6029256110153706
675,2019,Shanxi,0.5781442391249757,0.5011210147495807
676,2019,Sichuan,0.5971506144709003,0.5288723830523979
677,2019,Tianjin,0.5874686290795076,0.5029853494385939
678,2019,Tibet,0.534508639879038,0.4967742808175389
679,2019,Xinjiang,0.5943457595738301,0.34955237914929993
680,2019,Yunnan,0.5941402881532672,0.3894484267409362
681,2019,Zhejiang,0.6565838548086621,0.5852910540098577
682,2020,Anhui,0.5745510463412816,0.47346333228730997
683,2020,Beijing,0.47324968449199933,0.42679610574331034
684,2020,Chongqing,0.5214961847276212,0.4658555901510671
685,2020,Fujian,0.48639498085874466,0.42446818141878745
686,2020,Gansu,0.5065042870213682,0.44082543413460845
687,2020,Guangdong,0.49444924050705985,0.4296939679579772
688,2020,Guangxi,0.5230145268827058,0.42557632492091135
689,2020,Guizhou,0.6905568086769717,0.6163736520458011
690,2020,Hainan,0.6799377095336655,0.6134574580127024
691,2020,Hebei,0.6996887959149319,0.6159728648264122
692,2020,Heilongjiang,0.7226179985011956,0.6541078564636975
693,2020,Henan,0.6169827505854345,0.5110641478700334
694,2020,Hubei,0.6066323227143356,0.46907269531675627
695,2020,Hunan,0.6107237475206129,0.5414203234901193
696,2020,Inner Mongolia,0.6133989107843429,0.5971649124362555
697,2020,Jiangsu,0.6383319681296622,0.5527480748231925
698,2020,Jiangxi,0.6644777539938239,0.5619419531128659
699,2020,Jilin,0.6645355854172454,0.5985620504331013
700,2020,Liaoning,0.44170330228486254,0.35404812901495114
701,2020,Ningxia,0.4348653916481899,0.33697821201704
702,2020,Qinghai,0.4421380518679619,0.33162831402997606
703,2020,Shaanxi,0.4277875137203435,0.44825204070798635
704,2020,Shandong,0.6269605711673701,0.5544733107730924
705,2020,Shanghai,0.5776928206027302,0.5491229729727223
706,2020,Shanxi,0.5873629119931691,0.5051457717923847
707,2020,Sichuan,0.527808894885945,0.4928021359829091
708,2020,Tianjin,0.46272661327095005,0.4262228488614903
709,2020,Tibet,0.4732014799526468,0.41464431854408185
710,2020,Xinjiang,0.44929274390150287,0.37569104656653635
711,2020,Yunnan,0.5210012409529933,0.42173170575386354
712,2020,Zhejiang,0.5976548048574972,0.49518532082170913
713,2021,Anhui,0.5906128484150777,0.4772309623051618
714,2021,Beijing,0.6192005774657288,0.5191280785864266
715,2021,Chongqing,0.5900757991349268,0.5250007620756969
716,2021,Fujian,0.5530395656746426,0.46623998954184004
717,2021,Gansu,0.5732593150954044,0.4964538219614584
718,2021,Guangdong,0.517117097361989,0.43371507135608434
719,2021,Guangxi,0.5266088467667654,0.43125279408317985
720,2021,Guizhou,0.524096709915675,0.42894502951726066
721,2021,Hainan,0.518230360347297,0.445129763274665
722,2021,Hebei,0.6087637884797227,0.5172988296069967
723,2021,Heilongjiang,0.6197152356450735,0.5472037918386495
724,2021,Henan,0.6219292813229209,0.5189505324560617
725,2021,Hubei,0.5792228665338575,0.46575530626657247
726,2021,Hunan,0.5620437373790503,0.4645687697378764
727,2021,Inner Mongolia,0.5931601847381601,0.5265448447796982
728,2021,Jiangsu,0.7114965976947281,0.4782475427043671
729,2021,Jiangxi,0.5832071237794567,0.4849761648739962
730,2021,Jilin,0.623599602327197,0.5524267571040096
731,2021,Liaoning,0.6006094503772118,0.5363921919815104
732,2021,Ningxia,0.6608350999840337,0.5834007110869794
733,2021,Qinghai,0.5429868132244574,0.45908437204301183
734,2021,Shaanxi,0.6741451773998957,0.5841563064437425
735,2021,Shandong,0.6043927685994219,0.5338994905211394
736,2021,Shanghai,0.5791259581315018,0.5446582716130485
737,2021,Shanxi,0.5975624042244013,0.5188758205659859
738,2021,Sichuan,0.6283828408461016,0.5544420712127761
739,2021,Tianjin,0.6099493434588493,0.534528286192651
740,2021,Tibet,0.5708366718241913,0.4736030826038633
741,2021,Xinjiang,0.5261217558613172,0.4167999836959006
742,2021,Yunnan,0.5441316588692103,0.4357027102729001
743,2021,Zhejiang,0.6045493475390463,0.5042186813721047
744,2022,Anhui,0.6116033346945824,0.49736398014370264
745,2022,Beijing,0.5741624315949484,0.5117686173042962
746,2022,Chongqing,0.5780571705161308,0.5157489134702621
747,2022,Fujian,0.5624525081291346,0.4759542908803198
748,2022,Gansu,0.5702346007423288,0.4991047232905395
749,2022,Guangdong,0.5331889091282659,0.4508424618406108
750,2022,Guangxi,0.5423346270592546,0.4510173803173054
751,2022,Guizhou,0.5462710693509193,0.4542370544749733
752,2022,Hainan,0.5388264483094823,0.4670498545778477
753,2022,Hebei,0.5991190155770422,0.507904838344051
754,2022,Heilongjiang,0.6139802472845038,0.5409992229874098
755,2022,Henan,0.6194398261612186,0.5180884341588091
756,2022,Hubei,0.5801541110882381,0.4638054117679365
757,2022,Hunan,0.5630332790182534,0.46523781815405363
758,2022,Inner Mongolia,0.5993884125942305,0.5329844736574113
759,2022,Jiangsu,0.6100519356543563,0.5098705030035038
760,2022,Jiangxi,0.5818857401785699,0.48257292452690576
761,2022,Jilin,0.5971700727885432,0.5249545931202491
762,2022,Liaoning,0.579082453665847,0.51436068558989
763,2022,Ningxia,0.574205896569245,0.5045469569112044
764,2022,Qinghai,0.5503980540658352,0.47190251864119337
765,2022,Shaanxi,0.5687085868850528,0.49334176107106403
766,2022,Shandong,0.5946833366253167,0.5251857790972478
767,2022,Shanghai,0.5970158709848167,0.5594908378938311
768,2022,Shanxi,0.6038709790308989,0.5259691620332695
769,2022,Sichuan,0.570170247182894,0.4975960846280219
770,2022,Tianjin,0.6005772963998924,0.5253595801666088
771,2022,Tibet,0.5509939259690801,0.45552414542063707
772,2022,Xinjiang,0.5279386692130003,0.4233419165802405
773,2022,Yunnan,0.5648471141615462,0.4607748479244809
774,2022,Zhejiang,0.6151000957742633,0.5196995501292017
